0 verbose cli C:\Program Files\nodejs\node.exe C:\Users\Devin Keehner\.npm-global\node_modules\npm\bin\npm-cli.js
1 info using npm@11.9.0
2 info using node@v22.14.0
3 silly config load:file:C:\Users\Devin Keehner\.npm-global\node_modules\npm\npmrc
4 silly config load:file:C:\Users\Devin Keehner\Projects\YPAA Website\NECYPAA XXXVI\.npmrc
5 silly config load:file:C:\Users\Devin Keehner\.npmrc
6 silly config load:file:C:\Users\Devin Keehner\.npm-global\etc\npmrc
7 verbose title npm install
8 verbose argv "install"
9 verbose logfile logs-max:10 dir:C:\Users\Devin Keehner\Projects\YPAA Website\NECYPAA XXXVI\.sites-runtime\npm-cache\_logs\2026-08-16T22_10_29_369Z-
10 verbose logfile C:\Users\Devin Keehner\Projects\YPAA Website\NECYPAA XXXVI\.sites-runtime\npm-cache\_logs\2026-08-16T22_10_29_369Z-debug-0.log
11 silly logfile start cleaning logs, removing 1 files
12 silly packumentCache heap:2197815296 maxSize:549453824 maxEntrySize:274726912
13 silly logfile done cleaning log files
14 silly idealTree buildDeps
15 silly reify mark retired [
15 silly reify   'C:\\Users\\Devin Keehner\\Projects\\YPAA Website\\NECYPAA XXXVI\\node_modules\\@aws-sdk\\checksums'
15 silly reify ]
16 silly reify mark retired [
16 silly reify   'C:\\Users\\Devin Keehner\\Projects\\YPAA Website\\NECYPAA XXXVI\\node_modules\\@aws-sdk\\client-s3'
16 silly reify ]
17 silly reify mark retired [
17 silly reify   'C:\\Users\\Devin Keehner\\Projects\\YPAA Website\\NECYPAA XXXVI\\node_modules\\@aws-sdk\\core'
17 silly reify ]
18 silly reify mark retired [
18 silly reify   'C:\\Users\\Devin Keehner\\Projects\\YPAA Website\\NECYPAA XXXVI\\node_modules\\@aws-sdk\\credential-provider-env'
18 silly reify ]
19 silly reify mark retired [
19 silly reify   'C:\\Users\\Devin Keehner\\Projects\\YPAA Website\\NECYPAA XXXVI\\node_modules\\@aws-sdk\\credential-provider-http'
19 silly reify ]
20 silly reify mark retired [
20 silly reify   'C:\\Users\\Devin Keehner\\Projects\\YPAA Website\\NECYPAA XXXVI\\node_modules\\@aws-sdk\\credential-provider-ini'
20 silly reify ]
21 silly reify mark retired [
21 silly reify   'C:\\Users\\Devin Keehner\\Projects\\YPAA Website\\NECYPAA XXXVI\\node_modules\\@aws-sdk\\credential-provider-login'
21 silly reify ]
22 silly reify mark retired [
22 silly reify   'C:\\Users\\Devin Keehner\\Projects\\YPAA Website\\NECYPAA XXXVI\\node_modules\\@aws-sdk\\credential-provider-node'
22 silly reify ]
23 silly reify mark retired [
23 silly reify   'C:\\Users\\Devin Keehner\\Projects\\YPAA Website\\NECYPAA XXXVI\\node_modules\\@aws-sdk\\credential-provider-process'
23 silly reify ]
24 silly reify mark retired [
24 silly reify   'C:\\Users\\Devin Keehner\\Projects\\YPAA Website\\NECYPAA XXXVI\\node_modules\\@aws-sdk\\credential-provider-sso'
24 silly reify ]
25 silly reify mark retired [
25 silly reify   'C:\\Users\\Devin Keehner\\Projects\\YPAA Website\\NECYPAA XXXVI\\node_modules\\@aws-sdk\\credential-provider-web-identity'
25 silly reify ]
26 silly reify mark retired [
26 silly reify   'C:\\Users\\Devin Keehner\\Projects\\YPAA Website\\NECYPAA XXXVI\\node_modules\\@aws-sdk\\lib-storage'
26 silly reify ]
27 silly reify mark retired [
27 silly reify   'C:\\Users\\Devin Keehner\\Projects\\YPAA Website\\NECYPAA XXXVI\\node_modules\\@aws-sdk\\middleware-sdk-s3'
27 silly reify ]
28 silly reify mark retired [
28 silly reify   'C:\\Users\\Devin Keehner\\Projects\\YPAA Website\\NECYPAA XXXVI\\node_modules\\@aws-sdk\\nested-clients'
28 silly reify ]
29 silly reify mark retired [
29 silly reify   'C:\\Users\\Devin Keehner\\Projects\\YPAA Website\\NECYPAA XXXVI\\node_modules\\@aws-sdk\\s3-request-presigner'
29 silly reify ]
30 silly reify mark retired [
30 silly reify   'C:\\Users\\Devin Keehner\\Projects\\YPAA Website\\NECYPAA XXXVI\\node_modules\\@aws-sdk\\signature-v4-multi-region'
30 silly reify ]
31 silly reify mark retired [
31 silly reify   'C:\\Users\\Devin Keehner\\Projects\\YPAA Website\\NECYPAA XXXVI\\node_modules\\@aws-sdk\\token-providers'
31 silly reify ]
32 silly reify mark retired [
32 silly reify   'C:\\Users\\Devin Keehner\\Projects\\YPAA Website\\NECYPAA XXXVI\\node_modules\\@aws-sdk\\types'
32 silly reify ]
33 silly reify mark retired [
33 silly reify   'C:\\Users\\Devin Keehner\\Projects\\YPAA Website\\NECYPAA XXXVI\\node_modules\\@aws-sdk\\xml-builder'
33 silly reify ]
34 silly reify mark retired [
34 silly reify   'C:\\Users\\Devin Keehner\\Projects\\YPAA Website\\NECYPAA XXXVI\\node_modules\\@aws\\lambda-invoke-store'
34 silly reify ]
35 silly reify mark retired [
35 silly reify   'C:\\Users\\Devin Keehner\\Projects\\YPAA Website\\NECYPAA XXXVI\\node_modules\\@hono\\node-server'
35 silly reify ]
36 silly reify mark retired [
36 silly reify   'C:\\Users\\Devin Keehner\\Projects\\YPAA Website\\NECYPAA XXXVI\\node_modules\\@modelcontextprotocol\\sdk'
36 silly reify ]
37 silly reify mark retired [
37 silly reify   'C:\\Users\\Devin Keehner\\Projects\\YPAA Website\\NECYPAA XXXVI\\node_modules\\@mongodb-js\\saslprep'
37 silly reify ]
38 silly reify mark retired [
38 silly reify   'C:\\Users\\Devin Keehner\\Projects\\YPAA Website\\NECYPAA XXXVI\\node_modules\\@next\\env'
38 silly reify ]
39 silly reify mark retired [
39 silly reify   'C:\\Users\\Devin Keehner\\Projects\\YPAA Website\\NECYPAA XXXVI\\node_modules\\@next\\eslint-plugin-next'
39 silly reify ]
40 silly reify mark retired [
40 silly reify   'C:\\Users\\Devin Keehner\\Projects\\YPAA Website\\NECYPAA XXXVI\\node_modules\\@next\\swc-win32-x64-msvc'
40 silly reify ]
41 silly reify mark retired [
41 silly reify   'C:\\Users\\Devin Keehner\\Projects\\YPAA Website\\NECYPAA XXXVI\\node_modules\\@payloadcms\\db-mongodb'
41 silly reify ]
42 silly reify mark retired [
42 silly reify   'C:\\Users\\Devin Keehner\\Projects\\YPAA Website\\NECYPAA XXXVI\\node_modules\\@payloadcms\\plugin-form-builder'
42 silly reify ]
43 silly reify mark retired [
43 silly reify   'C:\\Users\\Devin Keehner\\Projects\\YPAA Website\\NECYPAA XXXVI\\node_modules\\@payloadcms\\plugin-mcp'
43 silly reify ]
44 silly reify mark retired [
44 silly reify   'C:\\Users\\Devin Keehner\\Projects\\YPAA Website\\NECYPAA XXXVI\\node_modules\\@payloadcms\\storage-s3'
44 silly reify ]
45 silly reify mark retired [
45 silly reify   'C:\\Users\\Devin Keehner\\Projects\\YPAA Website\\NECYPAA XXXVI\\node_modules\\@redis\\bloom'
45 silly reify ]
46 silly reify mark retired [
46 silly reify   'C:\\Users\\Devin Keehner\\Projects\\YPAA Website\\NECYPAA XXXVI\\node_modules\\@redis\\client'
46 silly reify ]
47 silly reify mark retired [
47 silly reify   'C:\\Users\\Devin Keehner\\Projects\\YPAA Website\\NECYPAA XXXVI\\node_modules\\@redis\\graph'
47 silly reify ]
48 silly reify mark retired [
48 silly reify   'C:\\Users\\Devin Keehner\\Projects\\YPAA Website\\NECYPAA XXXVI\\node_modules\\@redis\\json'
48 silly reify ]
49 silly reify mark retired [
49 silly reify   'C:\\Users\\Devin Keehner\\Projects\\YPAA Website\\NECYPAA XXXVI\\node_modules\\@redis\\search'
49 silly reify ]
50 silly reify mark retired [
50 silly reify   'C:\\Users\\Devin Keehner\\Projects\\YPAA Website\\NECYPAA XXXVI\\node_modules\\@redis\\time-series'
50 silly reify ]
51 silly reify mark retired [
51 silly reify   'C:\\Users\\Devin Keehner\\Projects\\YPAA Website\\NECYPAA XXXVI\\node_modules\\@rushstack\\eslint-patch'
51 silly reify ]
52 silly reify mark retired [
52 silly reify   'C:\\Users\\Devin Keehner\\Projects\\YPAA Website\\NECYPAA XXXVI\\node_modules\\@smithy\\core'
52 silly reify ]
53 silly reify mark retired [
53 silly reify   'C:\\Users\\Devin Keehner\\Projects\\YPAA Website\\NECYPAA XXXVI\\node_modules\\@smithy\\credential-provider-imds'
53 silly reify ]
54 silly reify mark retired [
54 silly reify   'C:\\Users\\Devin Keehner\\Projects\\YPAA Website\\NECYPAA XXXVI\\node_modules\\@smithy\\fetch-http-handler'
54 silly reify ]
55 silly reify mark retired [
55 silly reify   'C:\\Users\\Devin Keehner\\Projects\\YPAA Website\\NECYPAA XXXVI\\node_modules\\@smithy\\node-http-handler'
55 silly reify ]
56 silly reify mark retired [
56 silly reify   'C:\\Users\\Devin Keehner\\Projects\\YPAA Website\\NECYPAA XXXVI\\node_modules\\@smithy\\signature-v4'
56 silly reify ]
57 silly reify mark retired [
57 silly reify   'C:\\Users\\Devin Keehner\\Projects\\YPAA Website\\NECYPAA XXXVI\\node_modules\\@smithy\\types'
57 silly reify ]
58 silly reify mark retired [
58 silly reify   'C:\\Users\\Devin Keehner\\Projects\\YPAA Website\\NECYPAA XXXVI\\node_modules\\@swc\\counter'
58 silly reify ]
59 silly reify mark retired [
59 silly reify   'C:\\Users\\Devin Keehner\\Projects\\YPAA Website\\NECYPAA XXXVI\\node_modules\\@types\\webidl-conversions'
59 silly reify ]
60 silly reify mark retired [
60 silly reify   'C:\\Users\\Devin Keehner\\Projects\\YPAA Website\\NECYPAA XXXVI\\node_modules\\@types\\whatwg-url'
60 silly reify ]
61 silly reify mark retired [
61 silly reify   'C:\\Users\\Devin Keehner\\Projects\\YPAA Website\\NECYPAA XXXVI\\node_modules\\@typescript-eslint\\eslint-plugin'
61 silly reify ]
62 silly reify mark retired [
62 silly reify   'C:\\Users\\Devin Keehner\\Projects\\YPAA Website\\NECYPAA XXXVI\\node_modules\\@typescript-eslint\\parser'
62 silly reify ]
63 silly reify mark retired [
63 silly reify   'C:\\Users\\Devin Keehner\\Projects\\YPAA Website\\NECYPAA XXXVI\\node_modules\\@typescript-eslint\\project-service'
63 silly reify ]
64 silly reify mark retired [
64 silly reify   'C:\\Users\\Devin Keehner\\Projects\\YPAA Website\\NECYPAA XXXVI\\node_modules\\@typescript-eslint\\scope-manager'
64 silly reify ]
65 silly reify mark retired [
65 silly reify   'C:\\Users\\Devin Keehner\\Projects\\YPAA Website\\NECYPAA XXXVI\\node_modules\\@typescript-eslint\\tsconfig-utils'
65 silly reify ]
66 silly reify mark retired [
66 silly reify   'C:\\Users\\Devin Keehner\\Projects\\YPAA Website\\NECYPAA XXXVI\\node_modules\\@typescript-eslint\\type-utils'
66 silly reify ]
67 silly reify mark retired [
67 silly reify   'C:\\Users\\Devin Keehner\\Projects\\YPAA Website\\NECYPAA XXXVI\\node_modules\\@typescript-eslint\\types'
67 silly reify ]
68 silly reify mark retired [
68 silly reify   'C:\\Users\\Devin Keehner\\Projects\\YPAA Website\\NECYPAA XXXVI\\node_modules\\@typescript-eslint\\typescript-estree'
68 silly reify ]
69 silly reify mark retired [
69 silly reify   'C:\\Users\\Devin Keehner\\Projects\\YPAA Website\\NECYPAA XXXVI\\node_modules\\@typescript-eslint\\utils'
69 silly reify ]
70 silly reify mark retired [
70 silly reify   'C:\\Users\\Devin Keehner\\Projects\\YPAA Website\\NECYPAA XXXVI\\node_modules\\@typescript-eslint\\visitor-keys'
70 silly reify ]
71 silly reify mark retired [
71 silly reify   'C:\\Users\\Devin Keehner\\Projects\\YPAA Website\\NECYPAA XXXVI\\node_modules\\accepts'
71 silly reify ]
72 silly reify mark retired [
72 silly reify   'C:\\Users\\Devin Keehner\\Projects\\YPAA Website\\NECYPAA XXXVI\\node_modules\\ajv-formats'
72 silly reify ]
73 silly reify mark retired [
73 silly reify   'C:\\Users\\Devin Keehner\\Projects\\YPAA Website\\NECYPAA XXXVI\\node_modules\\b4a'
73 silly reify ]
74 silly reify mark retired [
74 silly reify   'C:\\Users\\Devin Keehner\\Projects\\YPAA Website\\NECYPAA XXXVI\\node_modules\\bare-events'
74 silly reify ]
75 silly reify mark retired [
75 silly reify   'C:\\Users\\Devin Keehner\\Projects\\YPAA Website\\NECYPAA XXXVI\\node_modules\\bare-fs'
75 silly reify ]
76 silly reify mark retired [
76 silly reify   'C:\\Users\\Devin Keehner\\Projects\\YPAA Website\\NECYPAA XXXVI\\node_modules\\bare-path'
76 silly reify ]
77 silly reify mark retired [
77 silly reify   'C:\\Users\\Devin Keehner\\Projects\\YPAA Website\\NECYPAA XXXVI\\node_modules\\bare-stream'
77 silly reify ]
78 silly reify mark retired [
78 silly reify   'C:\\Users\\Devin Keehner\\Projects\\YPAA Website\\NECYPAA XXXVI\\node_modules\\bare-url'
78 silly reify ]
79 silly reify mark retired [
79 silly reify   'C:\\Users\\Devin Keehner\\Projects\\YPAA Website\\NECYPAA XXXVI\\node_modules\\bl'
79 silly reify ]
80 silly reify mark retired [
80 silly reify   'C:\\Users\\Devin Keehner\\Projects\\YPAA Website\\NECYPAA XXXVI\\node_modules\\body-parser'
80 silly reify ]
81 silly reify mark retired [
81 silly reify   'C:\\Users\\Devin Keehner\\Projects\\YPAA Website\\NECYPAA XXXVI\\node_modules\\bowser'
81 silly reify ]
82 silly reify mark retired [
82 silly reify   'C:\\Users\\Devin Keehner\\Projects\\YPAA Website\\NECYPAA XXXVI\\node_modules\\bson'
82 silly reify ]
83 silly reify mark retired [
83 silly reify   'C:\\Users\\Devin Keehner\\Projects\\YPAA Website\\NECYPAA XXXVI\\node_modules\\buffer'
83 silly reify ]
84 silly reify mark retired [
84 silly reify   'C:\\Users\\Devin Keehner\\Projects\\YPAA Website\\NECYPAA XXXVI\\node_modules\\bytes'
84 silly reify ]
85 silly reify mark retired [
85 silly reify   'C:\\Users\\Devin Keehner\\Projects\\YPAA Website\\NECYPAA XXXVI\\node_modules\\chownr'
85 silly reify ]
86 silly reify mark retired [
86 silly reify   'C:\\Users\\Devin Keehner\\Projects\\YPAA Website\\NECYPAA XXXVI\\node_modules\\cluster-key-slot'
86 silly reify ]
87 silly reify mark retired [
87 silly reify   'C:\\Users\\Devin Keehner\\Projects\\YPAA Website\\NECYPAA XXXVI\\node_modules\\color'
87 silly reify ]
88 silly reify mark retired [
88 silly reify   'C:\\Users\\Devin Keehner\\Projects\\YPAA Website\\NECYPAA XXXVI\\node_modules\\color-string'
88 silly reify ]
89 silly reify mark retired [
89 silly reify   'C:\\Users\\Devin Keehner\\Projects\\YPAA Website\\NECYPAA XXXVI\\node_modules\\content-disposition'
89 silly reify ]
90 silly reify mark retired [
90 silly reify   'C:\\Users\\Devin Keehner\\Projects\\YPAA Website\\NECYPAA XXXVI\\node_modules\\content-type'
90 silly reify ]
91 silly reify mark retired [
91 silly reify   'C:\\Users\\Devin Keehner\\Projects\\YPAA Website\\NECYPAA XXXVI\\node_modules\\cookie-signature'
91 silly reify ]
92 silly reify mark retired [
92 silly reify   'C:\\Users\\Devin Keehner\\Projects\\YPAA Website\\NECYPAA XXXVI\\node_modules\\cors'
92 silly reify ]
93 silly reify mark retired [
93 silly reify   'C:\\Users\\Devin Keehner\\Projects\\YPAA Website\\NECYPAA XXXVI\\node_modules\\decompress-response'
93 silly reify ]
94 silly reify mark retired [
94 silly reify   'C:\\Users\\Devin Keehner\\Projects\\YPAA Website\\NECYPAA XXXVI\\node_modules\\deep-extend'
94 silly reify ]
95 silly reify mark retired [
95 silly reify   'C:\\Users\\Devin Keehner\\Projects\\YPAA Website\\NECYPAA XXXVI\\node_modules\\depd'
95 silly reify ]
96 silly reify mark retired [
96 silly reify   'C:\\Users\\Devin Keehner\\Projects\\YPAA Website\\NECYPAA XXXVI\\node_modules\\ee-first'
96 silly reify ]
97 silly reify mark retired [
97 silly reify   'C:\\Users\\Devin Keehner\\Projects\\YPAA Website\\NECYPAA XXXVI\\node_modules\\encodeurl'
97 silly reify ]
98 silly reify mark retired [
98 silly reify   'C:\\Users\\Devin Keehner\\Projects\\YPAA Website\\NECYPAA XXXVI\\node_modules\\eslint-config-next'
98 silly reify ]
99 silly reify mark retired [
99 silly reify   'C:\\Users\\Devin Keehner\\Projects\\YPAA Website\\NECYPAA XXXVI\\node_modules\\eslint-plugin-react-hooks'
99 silly reify ]
100 silly reify mark retired [
100 silly reify   'C:\\Users\\Devin Keehner\\Projects\\YPAA Website\\NECYPAA XXXVI\\node_modules\\etag'
100 silly reify ]
101 silly reify mark retired [
101 silly reify   'C:\\Users\\Devin Keehner\\Projects\\YPAA Website\\NECYPAA XXXVI\\node_modules\\events-universal'
101 silly reify ]
102 silly reify mark retired [
102 silly reify   'C:\\Users\\Devin Keehner\\Projects\\YPAA Website\\NECYPAA XXXVI\\node_modules\\eventsource'
102 silly reify ]
103 silly reify mark retired [
103 silly reify   'C:\\Users\\Devin Keehner\\Projects\\YPAA Website\\NECYPAA XXXVI\\node_modules\\eventsource-parser'
103 silly reify ]
104 silly reify mark retired [
104 silly reify   'C:\\Users\\Devin Keehner\\Projects\\YPAA Website\\NECYPAA XXXVI\\node_modules\\expand-template'
104 silly reify ]
105 silly reify mark retired [
105 silly reify   'C:\\Users\\Devin Keehner\\Projects\\YPAA Website\\NECYPAA XXXVI\\node_modules\\express'
105 silly reify ]
106 silly reify mark retired [
106 silly reify   'C:\\Users\\Devin Keehner\\Projects\\YPAA Website\\NECYPAA XXXVI\\node_modules\\express-rate-limit'
106 silly reify ]
107 silly reify mark retired [
107 silly reify   'C:\\Users\\Devin Keehner\\Projects\\YPAA Website\\NECYPAA XXXVI\\node_modules\\fast-fifo'
107 silly reify ]
108 silly reify mark retired [
108 silly reify   'C:\\Users\\Devin Keehner\\Projects\\YPAA Website\\NECYPAA XXXVI\\node_modules\\finalhandler'
108 silly reify ]
109 silly reify mark retired [
109 silly reify   'C:\\Users\\Devin Keehner\\Projects\\YPAA Website\\NECYPAA XXXVI\\node_modules\\forwarded'
109 silly reify ]
110 silly reify mark retired [
110 silly reify   'C:\\Users\\Devin Keehner\\Projects\\YPAA Website\\NECYPAA XXXVI\\node_modules\\fresh'
110 silly reify ]
111 silly reify mark retired [
111 silly reify   'C:\\Users\\Devin Keehner\\Projects\\YPAA Website\\NECYPAA XXXVI\\node_modules\\fs-constants'
111 silly reify ]
112 silly reify mark retired [
112 silly reify   'C:\\Users\\Devin Keehner\\Projects\\YPAA Website\\NECYPAA XXXVI\\node_modules\\generic-pool'
112 silly reify ]
113 silly reify mark retired [
113 silly reify   'C:\\Users\\Devin Keehner\\Projects\\YPAA Website\\NECYPAA XXXVI\\node_modules\\github-from-package'
113 silly reify ]
114 silly reify mark retired [
114 silly reify   'C:\\Users\\Devin Keehner\\Projects\\YPAA Website\\NECYPAA XXXVI\\node_modules\\hono'
114 silly reify ]
115 silly reify mark retired [
115 silly reify   'C:\\Users\\Devin Keehner\\Projects\\YPAA Website\\NECYPAA XXXVI\\node_modules\\http-errors'
115 silly reify ]
116 silly reify mark retired [
116 silly reify   'C:\\Users\\Devin Keehner\\Projects\\YPAA Website\\NECYPAA XXXVI\\node_modules\\iconv-lite'
116 silly reify ]
117 silly reify mark retired [
117 silly reify   'C:\\Users\\Devin Keehner\\Projects\\YPAA Website\\NECYPAA XXXVI\\node_modules\\inherits'
117 silly reify ]
118 silly reify mark retired [
118 silly reify   'C:\\Users\\Devin Keehner\\Projects\\YPAA Website\\NECYPAA XXXVI\\node_modules\\ip-address'
118 silly reify ]
119 silly reify mark retired [
119 silly reify   'C:\\Users\\Devin Keehner\\Projects\\YPAA Website\\NECYPAA XXXVI\\node_modules\\is-promise'
119 silly reify ]
120 silly reify mark retired [
120 silly reify   'C:\\Users\\Devin Keehner\\Projects\\YPAA Website\\NECYPAA XXXVI\\node_modules\\json-schema-to-zod',
120 silly reify   'C:\\Users\\Devin Keehner\\Projects\\YPAA Website\\NECYPAA XXXVI\\node_modules\\.bin\\json-schema-to-zod',
120 silly reify   'C:\\Users\\Devin Keehner\\Projects\\YPAA Website\\NECYPAA XXXVI\\node_modules\\.bin\\json-schema-to-zod.cmd',
120 silly reify   'C:\\Users\\Devin Keehner\\Projects\\YPAA Website\\NECYPAA XXXVI\\node_modules\\.bin\\json-schema-to-zod.ps1'
120 silly reify ]
121 silly reify mark retired [
121 silly reify   'C:\\Users\\Devin Keehner\\Projects\\YPAA Website\\NECYPAA XXXVI\\node_modules\\json-schema-typed'
121 silly reify ]
122 silly reify mark retired [
122 silly reify   'C:\\Users\\Devin Keehner\\Projects\\YPAA Website\\NECYPAA XXXVI\\node_modules\\kareem'
122 silly reify ]
123 silly reify mark retired [
123 silly reify   'C:\\Users\\Devin Keehner\\Projects\\YPAA Website\\NECYPAA XXXVI\\node_modules\\mcp-handler',
123 silly reify   'C:\\Users\\Devin Keehner\\Projects\\YPAA Website\\NECYPAA XXXVI\\node_modules\\.bin\\create-mcp-route',
123 silly reify   'C:\\Users\\Devin Keehner\\Projects\\YPAA Website\\NECYPAA XXXVI\\node_modules\\.bin\\create-mcp-route.cmd',
123 silly reify   'C:\\Users\\Devin Keehner\\Projects\\YPAA Website\\NECYPAA XXXVI\\node_modules\\.bin\\create-mcp-route.ps1',
123 silly reify   'C:\\Users\\Devin Keehner\\Projects\\YPAA Website\\NECYPAA XXXVI\\node_modules\\.bin\\mcp-adapter',
123 silly reify   'C:\\Users\\Devin Keehner\\Projects\\YPAA Website\\NECYPAA XXXVI\\node_modules\\.bin\\mcp-adapter.cmd',
123 silly reify   'C:\\Users\\Devin Keehner\\Projects\\YPAA Website\\NECYPAA XXXVI\\node_modules\\.bin\\mcp-adapter.ps1',
123 silly reify   'C:\\Users\\Devin Keehner\\Projects\\YPAA Website\\NECYPAA XXXVI\\node_modules\\.bin\\mcp-handler',
123 silly reify   'C:\\Users\\Devin Keehner\\Projects\\YPAA Website\\NECYPAA XXXVI\\node_modules\\.bin\\mcp-handler.cmd',
123 silly reify   'C:\\Users\\Devin Keehner\\Projects\\YPAA Website\\NECYPAA XXXVI\\node_modules\\.bin\\mcp-handler.ps1'
123 silly reify ]
124 silly reify mark retired [
124 silly reify   'C:\\Users\\Devin Keehner\\Projects\\YPAA Website\\NECYPAA XXXVI\\node_modules\\media-typer'
124 silly reify ]
125 silly reify mark retired [
125 silly reify   'C:\\Users\\Devin Keehner\\Projects\\YPAA Website\\NECYPAA XXXVI\\node_modules\\memory-pager'
125 silly reify ]
126 silly reify mark retired [
126 silly reify   'C:\\Users\\Devin Keehner\\Projects\\YPAA Website\\NECYPAA XXXVI\\node_modules\\merge-descriptors'
126 silly reify ]
127 silly reify mark retired [
127 silly reify   'C:\\Users\\Devin Keehner\\Projects\\YPAA Website\\NECYPAA XXXVI\\node_modules\\mime-types'
127 silly reify ]
128 silly reify mark retired [
128 silly reify   'C:\\Users\\Devin Keehner\\Projects\\YPAA Website\\NECYPAA XXXVI\\node_modules\\mimic-response'
128 silly reify ]
129 silly reify mark retired [
129 silly reify   'C:\\Users\\Devin Keehner\\Projects\\YPAA Website\\NECYPAA XXXVI\\node_modules\\mkdirp-classic'
129 silly reify ]
130 silly reify mark retired [
130 silly reify   'C:\\Users\\Devin Keehner\\Projects\\YPAA Website\\NECYPAA XXXVI\\node_modules\\mongodb'
130 silly reify ]
131 silly reify mark retired [
131 silly reify   'C:\\Users\\Devin Keehner\\Projects\\YPAA Website\\NECYPAA XXXVI\\node_modules\\mongodb-connection-string-url'
131 silly reify ]
132 silly reify mark retired [
132 silly reify   'C:\\Users\\Devin Keehner\\Projects\\YPAA Website\\NECYPAA XXXVI\\node_modules\\mongoose'
132 silly reify ]
133 silly reify mark retired [
133 silly reify   'C:\\Users\\Devin Keehner\\Projects\\YPAA Website\\NECYPAA XXXVI\\node_modules\\mongoose-lean-virtuals'
133 silly reify ]
134 silly reify mark retired [
134 silly reify   'C:\\Users\\Devin Keehner\\Projects\\YPAA Website\\NECYPAA XXXVI\\node_modules\\mongoose-paginate-v2'
134 silly reify ]
135 silly reify mark retired [
135 silly reify   'C:\\Users\\Devin Keehner\\Projects\\YPAA Website\\NECYPAA XXXVI\\node_modules\\mpath'
135 silly reify ]
136 silly reify mark retired [
136 silly reify   'C:\\Users\\Devin Keehner\\Projects\\YPAA Website\\NECYPAA XXXVI\\node_modules\\mquery'
136 silly reify ]
137 silly reify mark retired [
137 silly reify   'C:\\Users\\Devin Keehner\\Projects\\YPAA Website\\NECYPAA XXXVI\\node_modules\\napi-build-utils'
137 silly reify ]
138 silly reify mark retired [
138 silly reify   'C:\\Users\\Devin Keehner\\Projects\\YPAA Website\\NECYPAA XXXVI\\node_modules\\negotiator'
138 silly reify ]
139 silly reify mark retired [
139 silly reify   'C:\\Users\\Devin Keehner\\Projects\\YPAA Website\\NECYPAA XXXVI\\node_modules\\next',
139 silly reify   'C:\\Users\\Devin Keehner\\Projects\\YPAA Website\\NECYPAA XXXVI\\node_modules\\.bin\\next',
139 silly reify   'C:\\Users\\Devin Keehner\\Projects\\YPAA Website\\NECYPAA XXXVI\\node_modules\\.bin\\next.cmd',
139 silly reify   'C:\\Users\\Devin Keehner\\Projects\\YPAA Website\\NECYPAA XXXVI\\node_modules\\.bin\\next.ps1'
139 silly reify ]
140 silly reify mark retired [
140 silly reify   'C:\\Users\\Devin Keehner\\Projects\\YPAA Website\\NECYPAA XXXVI\\node_modules\\node-abi'
140 silly reify ]
141 silly reify mark retired [
141 silly reify   'C:\\Users\\Devin Keehner\\Projects\\YPAA Website\\NECYPAA XXXVI\\node_modules\\node-addon-api'
141 silly reify ]
142 silly reify mark retired [
142 silly reify   'C:\\Users\\Devin Keehner\\Projects\\YPAA Website\\NECYPAA XXXVI\\node_modules\\on-finished'
142 silly reify ]
143 silly reify mark retired [
143 silly reify   'C:\\Users\\Devin Keehner\\Projects\\YPAA Website\\NECYPAA XXXVI\\node_modules\\parseurl'
143 silly reify ]
144 silly reify mark retired [
144 silly reify   'C:\\Users\\Devin Keehner\\Projects\\YPAA Website\\NECYPAA XXXVI\\node_modules\\pkce-challenge'
144 silly reify ]
145 silly reify mark retired [
145 silly reify   'C:\\Users\\Devin Keehner\\Projects\\YPAA Website\\NECYPAA XXXVI\\node_modules\\prebuild-install',
145 silly reify   'C:\\Users\\Devin Keehner\\Projects\\YPAA Website\\NECYPAA XXXVI\\node_modules\\.bin\\prebuild-install',
145 silly reify   'C:\\Users\\Devin Keehner\\Projects\\YPAA Website\\NECYPAA XXXVI\\node_modules\\.bin\\prebuild-install.cmd',
145 silly reify   'C:\\Users\\Devin Keehner\\Projects\\YPAA Website\\NECYPAA XXXVI\\node_modules\\.bin\\prebuild-install.ps1'
145 silly reify ]
146 silly reify mark retired [
146 silly reify   'C:\\Users\\Devin Keehner\\Projects\\YPAA Website\\NECYPAA XXXVI\\node_modules\\proxy-addr'
146 silly reify ]
147 silly reify mark retired [
147 silly reify   'C:\\Users\\Devin Keehner\\Projects\\YPAA Website\\NECYPAA XXXVI\\node_modules\\qs'
147 silly reify ]
148 silly reify mark retired [
148 silly reify   'C:\\Users\\Devin Keehner\\Projects\\YPAA Website\\NECYPAA XXXVI\\node_modules\\raw-body'
148 silly reify ]
149 silly reify mark retired [
149 silly reify   'C:\\Users\\Devin Keehner\\Projects\\YPAA Website\\NECYPAA XXXVI\\node_modules\\rc',
149 silly reify   'C:\\Users\\Devin Keehner\\Projects\\YPAA Website\\NECYPAA XXXVI\\node_modules\\.bin\\rc',
149 silly reify   'C:\\Users\\Devin Keehner\\Projects\\YPAA Website\\NECYPAA XXXVI\\node_modules\\.bin\\rc.cmd',
149 silly reify   'C:\\Users\\Devin Keehner\\Projects\\YPAA Website\\NECYPAA XXXVI\\node_modules\\.bin\\rc.ps1'
149 silly reify ]
150 silly reify mark retired [
150 silly reify   'C:\\Users\\Devin Keehner\\Projects\\YPAA Website\\NECYPAA XXXVI\\node_modules\\react'
150 silly reify ]
151 silly reify mark retired [
151 silly reify   'C:\\Users\\Devin Keehner\\Projects\\YPAA Website\\NECYPAA XXXVI\\node_modules\\react-dom'
151 silly reify ]
152 silly reify mark retired [
152 silly reify   'C:\\Users\\Devin Keehner\\Projects\\YPAA Website\\NECYPAA XXXVI\\node_modules\\readable-stream'
152 silly reify ]
153 silly reify mark retired [
153 silly reify   'C:\\Users\\Devin Keehner\\Projects\\YPAA Website\\NECYPAA XXXVI\\node_modules\\redis'
153 silly reify ]
154 silly reify mark retired [
154 silly reify   'C:\\Users\\Devin Keehner\\Projects\\YPAA Website\\NECYPAA XXXVI\\node_modules\\router'
154 silly reify ]
155 silly reify mark retired [
155 silly reify   'C:\\Users\\Devin Keehner\\Projects\\YPAA Website\\NECYPAA XXXVI\\node_modules\\safe-buffer'
155 silly reify ]
156 silly reify mark retired [
156 silly reify   'C:\\Users\\Devin Keehner\\Projects\\YPAA Website\\NECYPAA XXXVI\\node_modules\\safer-buffer'
156 silly reify ]
157 silly reify mark retired [
157 silly reify   'C:\\Users\\Devin Keehner\\Projects\\YPAA Website\\NECYPAA XXXVI\\node_modules\\send'
157 silly reify ]
158 silly reify mark retired [
158 silly reify   'C:\\Users\\Devin Keehner\\Projects\\YPAA Website\\NECYPAA XXXVI\\node_modules\\serve-static'
158 silly reify ]
159 silly reify mark retired [
159 silly reify   'C:\\Users\\Devin Keehner\\Projects\\YPAA Website\\NECYPAA XXXVI\\node_modules\\setprototypeof'
159 silly reify ]
160 silly reify mark retired [
160 silly reify   'C:\\Users\\Devin Keehner\\Projects\\YPAA Website\\NECYPAA XXXVI\\node_modules\\sharp'
160 silly reify ]
161 silly reify mark retired [
161 silly reify   'C:\\Users\\Devin Keehner\\Projects\\YPAA Website\\NECYPAA XXXVI\\node_modules\\sift'
161 silly reify ]
162 silly reify mark retired [
162 silly reify   'C:\\Users\\Devin Keehner\\Projects\\YPAA Website\\NECYPAA XXXVI\\node_modules\\simple-concat'
162 silly reify ]
163 silly reify mark retired [
163 silly reify   'C:\\Users\\Devin Keehner\\Projects\\YPAA Website\\NECYPAA XXXVI\\node_modules\\simple-get'
163 silly reify ]
164 silly reify mark retired [
164 silly reify   'C:\\Users\\Devin Keehner\\Projects\\YPAA Website\\NECYPAA XXXVI\\node_modules\\simple-swizzle'
164 silly reify ]
165 silly reify mark retired [
165 silly reify   'C:\\Users\\Devin Keehner\\Projects\\YPAA Website\\NECYPAA XXXVI\\node_modules\\source-map'
165 silly reify ]
166 silly reify mark retired [
166 silly reify   'C:\\Users\\Devin Keehner\\Projects\\YPAA Website\\NECYPAA XXXVI\\node_modules\\sparse-bitfield'
166 silly reify ]
167 silly reify mark retired [
167 silly reify   'C:\\Users\\Devin Keehner\\Projects\\YPAA Website\\NECYPAA XXXVI\\node_modules\\statuses'
167 silly reify ]
168 silly reify mark retired [
168 silly reify   'C:\\Users\\Devin Keehner\\Projects\\YPAA Website\\NECYPAA XXXVI\\node_modules\\stream-browserify'
168 silly reify ]
169 silly reify mark retired [
169 silly reify   'C:\\Users\\Devin Keehner\\Projects\\YPAA Website\\NECYPAA XXXVI\\node_modules\\streamx'
169 silly reify ]
170 silly reify mark retired [
170 silly reify   'C:\\Users\\Devin Keehner\\Projects\\YPAA Website\\NECYPAA XXXVI\\node_modules\\string_decoder'
170 silly reify ]
171 silly reify mark retired [
171 silly reify   'C:\\Users\\Devin Keehner\\Projects\\YPAA Website\\NECYPAA XXXVI\\node_modules\\tar-fs'
171 silly reify ]
172 silly reify mark retired [
172 silly reify   'C:\\Users\\Devin Keehner\\Projects\\YPAA Website\\NECYPAA XXXVI\\node_modules\\tar-stream'
172 silly reify ]
173 silly reify mark retired [
173 silly reify   'C:\\Users\\Devin Keehner\\Projects\\YPAA Website\\NECYPAA XXXVI\\node_modules\\teex'
173 silly reify ]
174 silly reify mark retired [
174 silly reify   'C:\\Users\\Devin Keehner\\Projects\\YPAA Website\\NECYPAA XXXVI\\node_modules\\text-decoder'
174 silly reify ]
175 silly reify mark retired [
175 silly reify   'C:\\Users\\Devin Keehner\\Projects\\YPAA Website\\NECYPAA XXXVI\\node_modules\\toidentifier'
175 silly reify ]
176 silly reify mark retired [
176 silly reify   'C:\\Users\\Devin Keehner\\Projects\\YPAA Website\\NECYPAA XXXVI\\node_modules\\tr46'
176 silly reify ]
177 silly reify mark retired [
177 silly reify   'C:\\Users\\Devin Keehner\\Projects\\YPAA Website\\NECYPAA XXXVI\\node_modules\\tunnel-agent'
177 silly reify ]
178 silly reify mark retired [
178 silly reify   'C:\\Users\\Devin Keehner\\Projects\\YPAA Website\\NECYPAA XXXVI\\node_modules\\type-is'
178 silly reify ]
179 silly reify mark retired [
179 silly reify   'C:\\Users\\Devin Keehner\\Projects\\YPAA Website\\NECYPAA XXXVI\\node_modules\\unpipe'
179 silly reify ]
180 silly reify mark retired [
180 silly reify   'C:\\Users\\Devin Keehner\\Projects\\YPAA Website\\NECYPAA XXXVI\\node_modules\\util-deprecate'
180 silly reify ]
181 silly reify mark retired [
181 silly reify   'C:\\Users\\Devin Keehner\\Projects\\YPAA Website\\NECYPAA XXXVI\\node_modules\\vary'
181 silly reify ]
182 silly reify mark retired [
182 silly reify   'C:\\Users\\Devin Keehner\\Projects\\YPAA Website\\NECYPAA XXXVI\\node_modules\\webidl-conversions'
182 silly reify ]
183 silly reify mark retired [
183 silly reify   'C:\\Users\\Devin Keehner\\Projects\\YPAA Website\\NECYPAA XXXVI\\node_modules\\whatwg-url'
183 silly reify ]
184 silly reify mark retired [
184 silly reify   'C:\\Users\\Devin Keehner\\Projects\\YPAA Website\\NECYPAA XXXVI\\node_modules\\yaml'
184 silly reify ]
185 silly reify mark retired [
185 silly reify   'C:\\Users\\Devin Keehner\\Projects\\YPAA Website\\NECYPAA XXXVI\\node_modules\\yjs'
185 silly reify ]
186 silly reify mark retired [
186 silly reify   'C:\\Users\\Devin Keehner\\Projects\\YPAA Website\\NECYPAA XXXVI\\node_modules\\zod-to-json-schema'
186 silly reify ]
187 silly reify moves {
187 silly reify   'C:\\Users\\Devin Keehner\\Projects\\YPAA Website\\NECYPAA XXXVI\\node_modules\\@aws-sdk\\checksums': 'C:\\Users\\Devin Keehner\\Projects\\YPAA Website\\NECYPAA XXXVI\\node_modules\\@aws-sdk\\.checksums-uKPQP2Ie',
187 silly reify   'C:\\Users\\Devin Keehner\\Projects\\YPAA Website\\NECYPAA XXXVI\\node_modules\\@aws-sdk\\client-s3': 'C:\\Users\\Devin Keehner\\Projects\\YPAA Website\\NECYPAA XXXVI\\node_modules\\@aws-sdk\\.client-s3-4oBwHfA3',
187 silly reify   'C:\\Users\\Devin Keehner\\Projects\\YPAA Website\\NECYPAA XXXVI\\node_modules\\@aws-sdk\\core': 'C:\\Users\\Devin Keehner\\Projects\\YPAA Website\\NECYPAA XXXVI\\node_modules\\@aws-sdk\\.core-UTiINSgP',
187 silly reify   'C:\\Users\\Devin Keehner\\Projects\\YPAA Website\\NECYPAA XXXVI\\node_modules\\@aws-sdk\\credential-provider-env': 'C:\\Users\\Devin Keehner\\Projects\\YPAA Website\\NECYPAA XXXVI\\node_modules\\@aws-sdk\\.credential-provider-env-LIouK5wl',
187 silly reify   'C:\\Users\\Devin Keehner\\Projects\\YPAA Website\\NECYPAA XXXVI\\node_modules\\@aws-sdk\\credential-provider-http': 'C:\\Users\\Devin Keehner\\Projects\\YPAA Website\\NECYPAA XXXVI\\node_modules\\@aws-sdk\\.credential-provider-http-slJpj6hP',
187 silly reify   'C:\\Users\\Devin Keehner\\Projects\\YPAA Website\\NECYPAA XXXVI\\node_modules\\@aws-sdk\\credential-provider-ini': 'C:\\Users\\Devin Keehner\\Projects\\YPAA Website\\NECYPAA XXXVI\\node_modules\\@aws-sdk\\.credential-provider-ini-e7qJ7Ue9',
187 silly reify   'C:\\Users\\Devin Keehner\\Projects\\YPAA Website\\NECYPAA XXXVI\\node_modules\\@aws-sdk\\credential-provider-login': 'C:\\Users\\Devin Keehner\\Projects\\YPAA Website\\NECYPAA XXXVI\\node_modules\\@aws-sdk\\.credential-provider-login-RFy8siL0',
187 silly reify   'C:\\Users\\Devin Keehner\\Projects\\YPAA Website\\NECYPAA XXXVI\\node_modules\\@aws-sdk\\credential-provider-node': 'C:\\Users\\Devin Keehner\\Projects\\YPAA Website\\NECYPAA XXXVI\\node_modules\\@aws-sdk\\.credential-provider-node-WirAOG9A',
187 silly reify   'C:\\Users\\Devin Keehner\\Projects\\YPAA Website\\NECYPAA XXXVI\\node_modules\\@aws-sdk\\credential-provider-process': 'C:\\Users\\Devin Keehner\\Projects\\YPAA Website\\NECYPAA XXXVI\\node_modules\\@aws-sdk\\.credential-provider-process-UzjWRwBR',
187 silly reify   'C:\\Users\\Devin Keehner\\Projects\\YPAA Website\\NECYPAA XXXVI\\node_modules\\@aws-sdk\\credential-provider-sso': 'C:\\Users\\Devin Keehner\\Projects\\YPAA Website\\NECYPAA XXXVI\\node_modules\\@aws-sdk\\.credential-provider-sso-DSjxl3S7',
187 silly reify   'C:\\Users\\Devin Keehner\\Projects\\YPAA Website\\NECYPAA XXXVI\\node_modules\\@aws-sdk\\credential-provider-web-identity': 'C:\\Users\\Devin Keehner\\Projects\\YPAA Website\\NECYPAA XXXVI\\node_modules\\@aws-sdk\\.credential-provider-web-identity-8SZYeLO2',
187 silly reify   'C:\\Users\\Devin Keehner\\Projects\\YPAA Website\\NECYPAA XXXVI\\node_modules\\@aws-sdk\\lib-storage': 'C:\\Users\\Devin Keehner\\Projects\\YPAA Website\\NECYPAA XXXVI\\node_modules\\@aws-sdk\\.lib-storage-JoV7ED8V',
187 silly reify   'C:\\Users\\Devin Keehner\\Projects\\YPAA Website\\NECYPAA XXXVI\\node_modules\\@aws-sdk\\middleware-sdk-s3': 'C:\\Users\\Devin Keehner\\Projects\\YPAA Website\\NECYPAA XXXVI\\node_modules\\@aws-sdk\\.middleware-sdk-s3-lrnhhwfd',
187 silly reify   'C:\\Users\\Devin Keehner\\Projects\\YPAA Website\\NECYPAA XXXVI\\node_modules\\@aws-sdk\\nested-clients': 'C:\\Users\\Devin Keehner\\Projects\\YPAA Website\\NECYPAA XXXVI\\node_modules\\@aws-sdk\\.nested-clients-0DHVn7yf',
187 silly reify   'C:\\Users\\Devin Keehner\\Projects\\YPAA Website\\NECYPAA XXXVI\\node_modules\\@aws-sdk\\s3-request-presigner': 'C:\\Users\\Devin Keehner\\Projects\\YPAA Website\\NECYPAA XXXVI\\node_modules\\@aws-sdk\\.s3-request-presigner-yimiRb7h',
187 silly reify   'C:\\Users\\Devin Keehner\\Projects\\YPAA Website\\NECYPAA XXXVI\\node_modules\\@aws-sdk\\signature-v4-multi-region': 'C:\\Users\\Devin Keehner\\Projects\\YPAA Website\\NECYPAA XXXVI\\node_modules\\@aws-sdk\\.signature-v4-multi-region-k3JjNj4C',
187 silly reify   'C:\\Users\\Devin Keehner\\Projects\\YPAA Website\\NECYPAA XXXVI\\node_modules\\@aws-sdk\\token-providers': 'C:\\Users\\Devin Keehner\\Projects\\YPAA Website\\NECYPAA XXXVI\\node_modules\\@aws-sdk\\.token-providers-TvChCFEw',
187 silly reify   'C:\\Users\\Devin Keehner\\Projects\\YPAA Website\\NECYPAA XXXVI\\node_modules\\@aws-sdk\\types': 'C:\\Users\\Devin Keehner\\Projects\\YPAA Website\\NECYPAA XXXVI\\node_modules\\@aws-sdk\\.types-nrw9KvA0',
187 silly reify   'C:\\Users\\Devin Keehner\\Projects\\YPAA Website\\NECYPAA XXXVI\\node_modules\\@aws-sdk\\xml-builder': 'C:\\Users\\Devin Keehner\\Projects\\YPAA Website\\NECYPAA XXXVI\\node_modules\\@aws-sdk\\.xml-builder-hsroKMcS',
187 silly reify   'C:\\Users\\Devin Keehner\\Projects\\YPAA Website\\NECYPAA XXXVI\\node_modules\\@aws\\lambda-invoke-store': 'C:\\Users\\Devin Keehner\\Projects\\YPAA Website\\NECYPAA XXXVI\\node_modules\\@aws\\.lambda-invoke-store-aZ9TZeZn',
187 silly reify   'C:\\Users\\Devin Keehner\\Projects\\YPAA Website\\NECYPAA XXXVI\\node_modules\\@hono\\node-server': 'C:\\Users\\Devin Keehner\\Projects\\YPAA Website\\NECYPAA XXXVI\\node_modules\\@hono\\.node-server-cqnmpvTr',
187 silly reify   'C:\\Users\\Devin Keehner\\Projects\\YPAA Website\\NECYPAA XXXVI\\node_modules\\@modelcontextprotocol\\sdk': 'C:\\Users\\Devin Keehner\\Projects\\YPAA Website\\NECYPAA XXXVI\\node_modules\\@modelcontextprotocol\\.sdk-4fIO3Xye',
187 silly reify   'C:\\Users\\Devin Keehner\\Projects\\YPAA Website\\NECYPAA XXXVI\\node_modules\\@mongodb-js\\saslprep': 'C:\\Users\\Devin Keehner\\Projects\\YPAA Website\\NECYPAA XXXVI\\node_modules\\@mongodb-js\\.saslprep-8kcKZdMt',
187 silly reify   'C:\\Users\\Devin Keehner\\Projects\\YPAA Website\\NECYPAA XXXVI\\node_modules\\@next\\env': 'C:\\Users\\Devin Keehner\\Projects\\YPAA Website\\NECYPAA XXXVI\\node_modules\\@next\\.env-8i4mI382',
187 silly reify   'C:\\Users\\Devin Keehner\\Projects\\YPAA Website\\NECYPAA XXXVI\\node_modules\\@next\\eslint-plugin-next': 'C:\\Users\\Devin Keehner\\Projects\\YPAA Website\\NECYPAA XXXVI\\node_modules\\@next\\.eslint-plugin-next-1Bq9xRQt',
187 silly reify   'C:\\Users\\Devin Keehner\\Projects\\YPAA Website\\NECYPAA XXXVI\\node_modules\\@next\\swc-win32-x64-msvc': 'C:\\Users\\Devin Keehner\\Projects\\YPAA Website\\NECYPAA XXXVI\\node_modules\\@next\\.swc-win32-x64-msvc-IUgKUxL6',
187 silly reify   'C:\\Users\\Devin Keehner\\Projects\\YPAA Website\\NECYPAA XXXVI\\node_modules\\@payloadcms\\db-mongodb': 'C:\\Users\\Devin Keehner\\Projects\\YPAA Website\\NECYPAA XXXVI\\node_modules\\@payloadcms\\.db-mongodb-pPbCsKrP',
187 silly reify   'C:\\Users\\Devin Keehner\\Projects\\YPAA Website\\NECYPAA XXXVI\\node_modules\\@payloadcms\\plugin-form-builder': 'C:\\Users\\Devin Keehner\\Projects\\YPAA Website\\NECYPAA XXXVI\\node_modules\\@payloadcms\\.plugin-form-builder-Gn5GmnJZ',
187 silly reify   'C:\\Users\\Devin Keehner\\Projects\\YPAA Website\\NECYPAA XXXVI\\node_modules\\@payloadcms\\plugin-mcp': 'C:\\Users\\Devin Keehner\\Projects\\YPAA Website\\NECYPAA XXXVI\\node_modules\\@payloadcms\\.plugin-mcp-6UYikEnI',
187 silly reify   'C:\\Users\\Devin Keehner\\Projects\\YPAA Website\\NECYPAA XXXVI\\node_modules\\@payloadcms\\storage-s3': 'C:\\Users\\Devin Keehner\\Projects\\YPAA Website\\NECYPAA XXXVI\\node_modules\\@payloadcms\\.storage-s3-tdynqxE5',
187 silly reify   'C:\\Users\\Devin Keehner\\Projects\\YPAA Website\\NECYPAA XXXVI\\node_modules\\@redis\\bloom': 'C:\\Users\\Devin Keehner\\Projects\\YPAA Website\\NECYPAA XXXVI\\node_modules\\@redis\\.bloom-zVcKLrA8',
187 silly reify   'C:\\Users\\Devin Keehner\\Projects\\YPAA Website\\NECYPAA XXXVI\\node_modules\\@redis\\client': 'C:\\Users\\Devin Keehner\\Projects\\YPAA Website\\NECYPAA XXXVI\\node_modules\\@redis\\.client-MQV3nvww',
187 silly reify   'C:\\Users\\Devin Keehner\\Projects\\YPAA Website\\NECYPAA XXXVI\\node_modules\\@redis\\graph': 'C:\\Users\\Devin Keehner\\Projects\\YPAA Website\\NECYPAA XXXVI\\node_modules\\@redis\\.graph-MwCoiM49',
187 silly reify   'C:\\Users\\Devin Keehner\\Projects\\YPAA Website\\NECYPAA XXXVI\\node_modules\\@redis\\json': 'C:\\Users\\Devin Keehner\\Projects\\YPAA Website\\NECYPAA XXXVI\\node_modules\\@redis\\.json-I0LItxCi',
187 silly reify   'C:\\Users\\Devin Keehner\\Projects\\YPAA Website\\NECYPAA XXXVI\\node_modules\\@redis\\search': 'C:\\Users\\Devin Keehner\\Projects\\YPAA Website\\NECYPAA XXXVI\\node_modules\\@redis\\.search-OypcFtFj',
187 silly reify   'C:\\Users\\Devin Keehner\\Projects\\YPAA Website\\NECYPAA XXXVI\\node_modules\\@redis\\time-series': 'C:\\Users\\Devin Keehner\\Projects\\YPAA Website\\NECYPAA XXXVI\\node_modules\\@redis\\.time-series-Bynsr5r9',
187 silly reify   'C:\\Users\\Devin Keehner\\Projects\\YPAA Website\\NECYPAA XXXVI\\node_modules\\@rushstack\\eslint-patch': 'C:\\Users\\Devin Keehner\\Projects\\YPAA Website\\NECYPAA XXXVI\\node_modules\\@rushstack\\.eslint-patch-SqHW2tuH',
187 silly reify   'C:\\Users\\Devin Keehner\\Projects\\YPAA Website\\NECYPAA XXXVI\\node_modules\\@smithy\\core': 'C:\\Users\\Devin Keehner\\Projects\\YPAA Website\\NECYPAA XXXVI\\node_modules\\@smithy\\.core-xnppqfrl',
187 silly reify   'C:\\Users\\Devin Keehner\\Projects\\YPAA Website\\NECYPAA XXXVI\\node_modules\\@smithy\\credential-provider-imds': 'C:\\Users\\Devin Keehner\\Projects\\YPAA Website\\NECYPAA XXXVI\\node_modules\\@smithy\\.credential-provider-imds-C1I21zz5',
187 silly reify   'C:\\Users\\Devin Keehner\\Projects\\YPAA Website\\NECYPAA XXXVI\\node_modules\\@smithy\\fetch-http-handler': 'C:\\Users\\Devin Keehner\\Projects\\YPAA Website\\NECYPAA XXXVI\\node_modules\\@smithy\\.fetch-http-handler-n1rAt34F',
187 silly reify   'C:\\Users\\Devin Keehner\\Projects\\YPAA Website\\NECYPAA XXXVI\\node_modules\\@smithy\\node-http-handler': 'C:\\Users\\Devin Keehner\\Projects\\YPAA Website\\NECYPAA XXXVI\\node_modules\\@smithy\\.node-http-handler-GubvRWhj',
187 silly reify   'C:\\Users\\Devin Keehner\\Projects\\YPAA Website\\NECYPAA XXXVI\\node_modules\\@smithy\\signature-v4': 'C:\\Users\\Devin Keehner\\Projects\\YPAA Website\\NECYPAA XXXVI\\node_modules\\@smithy\\.signature-v4-G1mQs6TZ',
187 silly reify   'C:\\Users\\Devin Keehner\\Projects\\YPAA Website\\NECYPAA XXXVI\\node_modules\\@smithy\\types': 'C:\\Users\\Devin Keehner\\Projects\\YPAA Website\\NECYPAA XXXVI\\node_modules\\@smithy\\.types-JBrj9Cop',
187 silly reify   'C:\\Users\\Devin Keehner\\Projects\\YPAA Website\\NECYPAA XXXVI\\node_modules\\@swc\\counter': 'C:\\Users\\Devin Keehner\\Projects\\YPAA Website\\NECYPAA XXXVI\\node_modules\\@swc\\.counter-cGB5bj6T',
187 silly reify   'C:\\Users\\Devin Keehner\\Projects\\YPAA Website\\NECYPAA XXXVI\\node_modules\\@types\\webidl-conversions': 'C:\\Users\\Devin Keehner\\Projects\\YPAA Website\\NECYPAA XXXVI\\node_modules\\@types\\.webidl-conversions-kMOZWHaF',
187 silly reify   'C:\\Users\\Devin Keehner\\Projects\\YPAA Website\\NECYPAA XXXVI\\node_modules\\@types\\whatwg-url': 'C:\\Users\\Devin Keehner\\Projects\\YPAA Website\\NECYPAA XXXVI\\node_modules\\@types\\.whatwg-url-xlNIBCs3',
187 silly reify   'C:\\Users\\Devin Keehner\\Projects\\YPAA Website\\NECYPAA XXXVI\\node_modules\\@typescript-eslint\\eslint-plugin': 'C:\\Users\\Devin Keehner\\Projects\\YPAA Website\\NECYPAA XXXVI\\node_modules\\@typescript-eslint\\.eslint-plugin-sKcpgikE',
187 silly reify   'C:\\Users\\Devin Keehner\\Projects\\YPAA Website\\NECYPAA XXXVI\\node_modules\\@typescript-eslint\\parser': 'C:\\Users\\Devin Keehner\\Projects\\YPAA Website\\NECYPAA XXXVI\\node_modules\\@typescript-eslint\\.parser-8Zogk8ZS',
187 silly reify   'C:\\Users\\Devin Keehner\\Projects\\YPAA Website\\NECYPAA XXXVI\\node_modules\\@typescript-eslint\\project-service': 'C:\\Users\\Devin Keehner\\Projects\\YPAA Website\\NECYPAA XXXVI\\node_modules\\@typescript-eslint\\.project-service-wBfOf5XS',
187 silly reify   'C:\\Users\\Devin Keehner\\Projects\\YPAA Website\\NECYPAA XXXVI\\node_modules\\@typescript-eslint\\scope-manager': 'C:\\Users\\Devin Keehner\\Projects\\YPAA Website\\NECYPAA XXXVI\\node_modules\\@typescript-eslint\\.scope-manager-DKgYAHGF',
187 silly reify   'C:\\Users\\Devin Keehner\\Projects\\YPAA Website\\NECYPAA XXXVI\\node_modules\\@typescript-eslint\\tsconfig-utils': 'C:\\Users\\Devin Keehner\\Projects\\YPAA Website\\NECYPAA XXXVI\\node_modules\\@typescript-eslint\\.tsconfig-utils-3VTlPhZg',
187 silly reify   'C:\\Users\\Devin Keehner\\Projects\\YPAA Website\\NECYPAA XXXVI\\node_modules\\@typescript-eslint\\type-utils': 'C:\\Users\\Devin Keehner\\Projects\\YPAA Website\\NECYPAA XXXVI\\node_modules\\@typescript-eslint\\.type-utils-jOkc9yKN',
187 silly reify   'C:\\Users\\Devin Keehner\\Projects\\YPAA Website\\NECYPAA XXXVI\\node_modules\\@typescript-eslint\\types': 'C:\\Users\\Devin Keehner\\Projects\\YPAA Website\\NECYPAA XXXVI\\node_modules\\@typescript-eslint\\.types-MAkV0MLh',
187 silly reify   'C:\\Users\\Devin Keehner\\Projects\\YPAA Website\\NECYPAA XXXVI\\node_modules\\@typescript-eslint\\typescript-estree': 'C:\\Users\\Devin Keehner\\Projects\\YPAA Website\\NECYPAA XXXVI\\node_modules\\@typescript-eslint\\.typescript-estree-tbkDo0BT',
187 silly reify   'C:\\Users\\Devin Keehner\\Projects\\YPAA Website\\NECYPAA XXXVI\\node_modules\\@typescript-eslint\\utils': 'C:\\Users\\Devin Keehner\\Projects\\YPAA Website\\NECYPAA XXXVI\\node_modules\\@typescript-eslint\\.utils-Q2xiw0Fg',
187 silly reify   'C:\\Users\\Devin Keehner\\Projects\\YPAA Website\\NECYPAA XXXVI\\node_modules\\@typescript-eslint\\visitor-keys': 'C:\\Users\\Devin Keehner\\Projects\\YPAA Website\\NECYPAA XXXVI\\node_modules\\@typescript-eslint\\.visitor-keys-ytRGgx4R',
187 silly reify   'C:\\Users\\Devin Keehner\\Projects\\YPAA Website\\NECYPAA XXXVI\\node_modules\\accepts': 'C:\\Users\\Devin Keehner\\Projects\\YPAA Website\\NECYPAA XXXVI\\node_modules\\.accepts-LlQGcvZe',
187 silly reify   'C:\\Users\\Devin Keehner\\Projects\\YPAA Website\\NECYPAA XXXVI\\node_modules\\ajv-formats': 'C:\\Users\\Devin Keehner\\Projects\\YPAA Website\\NECYPAA XXXVI\\node_modules\\.ajv-formats-GYD4UJ6H',
187 silly reify   'C:\\Users\\Devin Keehner\\Projects\\YPAA Website\\NECYPAA XXXVI\\node_modules\\b4a': 'C:\\Users\\Devin Keehner\\Projects\\YPAA Website\\NECYPAA XXXVI\\node_modules\\.b4a-NMoOiSz4',
187 silly reify   'C:\\Users\\Devin Keehner\\Projects\\YPAA Website\\NECYPAA XXXVI\\node_modules\\bare-events': 'C:\\Users\\Devin Keehner\\Projects\\YPAA Website\\NECYPAA XXXVI\\node_modules\\.bare-events-HfXZ6h5i',
187 silly reify   'C:\\Users\\Devin Keehner\\Projects\\YPAA Website\\NECYPAA XXXVI\\node_modules\\bare-fs': 'C:\\Users\\Devin Keehner\\Projects\\YPAA Website\\NECYPAA XXXVI\\node_modules\\.bare-fs-7gtU5xyO',
187 silly reify   'C:\\Users\\Devin Keehner\\Projects\\YPAA Website\\NECYPAA XXXVI\\node_modules\\bare-path': 'C:\\Users\\Devin Keehner\\Projects\\YPAA Website\\NECYPAA XXXVI\\node_modules\\.bare-path-LVYRlAJc',
187 silly reify   'C:\\Users\\Devin Keehner\\Projects\\YPAA Website\\NECYPAA XXXVI\\node_modules\\bare-stream': 'C:\\Users\\Devin Keehner\\Projects\\YPAA Website\\NECYPAA XXXVI\\node_modules\\.bare-stream-zSvkQmCM',
187 silly reify   'C:\\Users\\Devin Keehner\\Projects\\YPAA Website\\NECYPAA XXXVI\\node_modules\\bare-url': 'C:\\Users\\Devin Keehner\\Projects\\YPAA Website\\NECYPAA XXXVI\\node_modules\\.bare-url-BSazybbe',
187 silly reify   'C:\\Users\\Devin Keehner\\Projects\\YPAA Website\\NECYPAA XXXVI\\node_modules\\bl': 'C:\\Users\\Devin Keehner\\Projects\\YPAA Website\\NECYPAA XXXVI\\node_modules\\.bl-v8Nswizx',
187 silly reify   'C:\\Users\\Devin Keehner\\Projects\\YPAA Website\\NECYPAA XXXVI\\node_modules\\body-parser': 'C:\\Users\\Devin Keehner\\Projects\\YPAA Website\\NECYPAA XXXVI\\node_modules\\.body-parser-7fIeauYK',
187 silly reify   'C:\\Users\\Devin Keehner\\Projects\\YPAA Website\\NECYPAA XXXVI\\node_modules\\bowser': 'C:\\Users\\Devin Keehner\\Projects\\YPAA Website\\NECYPAA XXXVI\\node_modules\\.bowser-kIG3DEtx',
187 silly reify   'C:\\Users\\Devin Keehner\\Projects\\YPAA Website\\NECYPAA XXXVI\\node_modules\\bson': 'C:\\Users\\Devin Keehner\\Projects\\YPAA Website\\NECYPAA XXXVI\\node_modules\\.bson-8tkXvgBz',
187 silly reify   'C:\\Users\\Devin Keehner\\Projects\\YPAA Website\\NECYPAA XXXVI\\node_modules\\buffer': 'C:\\Users\\Devin Keehner\\Projects\\YPAA Website\\NECYPAA XXXVI\\node_modules\\.buffer-taRWUk5i',
187 silly reify   'C:\\Users\\Devin Keehner\\Projects\\YPAA Website\\NECYPAA XXXVI\\node_modules\\bytes': 'C:\\Users\\Devin Keehner\\Projects\\YPAA Website\\NECYPAA XXXVI\\node_modules\\.bytes-0zn2t7Ln',
187 silly reify   'C:\\Users\\Devin Keehner\\Projects\\YPAA Website\\NECYPAA XXXVI\\node_modules\\chownr': 'C:\\Users\\Devin Keehner\\Projects\\YPAA Website\\NECYPAA XXXVI\\node_modules\\.chownr-qbUYR096',
187 silly reify   'C:\\Users\\Devin Keehner\\Projects\\YPAA Website\\NECYPAA XXXVI\\node_modules\\cluster-key-slot': 'C:\\Users\\Devin Keehner\\Projects\\YPAA Website\\NECYPAA XXXVI\\node_modules\\.cluster-key-slot-vzyrdMOT',
187 silly reify   'C:\\Users\\Devin Keehner\\Projects\\YPAA Website\\NECYPAA XXXVI\\node_modules\\color': 'C:\\Users\\Devin Keehner\\Projects\\YPAA Website\\NECYPAA XXXVI\\node_modules\\.color-GtKFXzw1',
187 silly reify   'C:\\Users\\Devin Keehner\\Projects\\YPAA Website\\NECYPAA XXXVI\\node_modules\\color-string': 'C:\\Users\\Devin Keehner\\Projects\\YPAA Website\\NECYPAA XXXVI\\node_modules\\.color-string-E7puXeM9',
187 silly reify   'C:\\Users\\Devin Keehner\\Projects\\YPAA Website\\NECYPAA XXXVI\\node_modules\\content-disposition': 'C:\\Users\\Devin Keehner\\Projects\\YPAA Website\\NECYPAA XXXVI\\node_modules\\.content-disposition-XbDM63hZ',
187 silly reify   'C:\\Users\\Devin Keehner\\Projects\\YPAA Website\\NECYPAA XXXVI\\node_modules\\content-type': 'C:\\Users\\Devin Keehner\\Projects\\YPAA Website\\NECYPAA XXXVI\\node_modules\\.content-type-3Bh8YnuD',
187 silly reify   'C:\\Users\\Devin Keehner\\Projects\\YPAA Website\\NECYPAA XXXVI\\node_modules\\cookie-signature': 'C:\\Users\\Devin Keehner\\Projects\\YPAA Website\\NECYPAA XXXVI\\node_modules\\.cookie-signature-DF2zPcFH',
187 silly reify   'C:\\Users\\Devin Keehner\\Projects\\YPAA Website\\NECYPAA XXXVI\\node_modules\\cors': 'C:\\Users\\Devin Keehner\\Projects\\YPAA Website\\NECYPAA XXXVI\\node_modules\\.cors-vLBmqVke',
187 silly reify   'C:\\Users\\Devin Keehner\\Projects\\YPAA Website\\NECYPAA XXXVI\\node_modules\\decompress-response': 'C:\\Users\\Devin Keehner\\Projects\\YPAA Website\\NECYPAA XXXVI\\node_modules\\.decompress-response-lvfkTMqW',
187 silly reify   'C:\\Users\\Devin Keehner\\Projects\\YPAA Website\\NECYPAA XXXVI\\node_modules\\deep-extend': 'C:\\Users\\Devin Keehner\\Projects\\YPAA Website\\NECYPAA XXXVI\\node_modules\\.deep-extend-FlISFBcw',
187 silly reify   'C:\\Users\\Devin Keehner\\Projects\\YPAA Website\\NECYPAA XXXVI\\node_modules\\depd': 'C:\\Users\\Devin Keehner\\Projects\\YPAA Website\\NECYPAA XXXVI\\node_modules\\.depd-aJ9nkoH4',
187 silly reify   'C:\\Users\\Devin Keehner\\Projects\\YPAA Website\\NECYPAA XXXVI\\node_modules\\ee-first': 'C:\\Users\\Devin Keehner\\Projects\\YPAA Website\\NECYPAA XXXVI\\node_modules\\.ee-first-lAi90LDY',
187 silly reify   'C:\\Users\\Devin Keehner\\Projects\\YPAA Website\\NECYPAA XXXVI\\node_modules\\encodeurl': 'C:\\Users\\Devin Keehner\\Projects\\YPAA Website\\NECYPAA XXXVI\\node_modules\\.encodeurl-b7cHnmds',
187 silly reify   'C:\\Users\\Devin Keehner\\Projects\\YPAA Website\\NECYPAA XXXVI\\node_modules\\eslint-config-next': 'C:\\Users\\Devin Keehner\\Projects\\YPAA Website\\NECYPAA XXXVI\\node_modules\\.eslint-config-next-apPLhBUL',
187 silly reify   'C:\\Users\\Devin Keehner\\Projects\\YPAA Website\\NECYPAA XXXVI\\node_modules\\eslint-plugin-react-hooks': 'C:\\Users\\Devin Keehner\\Projects\\YPAA Website\\NECYPAA XXXVI\\node_modules\\.eslint-plugin-react-hooks-IxRaHRCf',
187 silly reify   'C:\\Users\\Devin Keehner\\Projects\\YPAA Website\\NECYPAA XXXVI\\node_modules\\etag': 'C:\\Users\\Devin Keehner\\Projects\\YPAA Website\\NECYPAA XXXVI\\node_modules\\.etag-aPnKWcW8',
187 silly reify   'C:\\Users\\Devin Keehner\\Projects\\YPAA Website\\NECYPAA XXXVI\\node_modules\\events-universal': 'C:\\Users\\Devin Keehner\\Projects\\YPAA Website\\NECYPAA XXXVI\\node_modules\\.events-universal-KqQr62kY',
187 silly reify   'C:\\Users\\Devin Keehner\\Projects\\YPAA Website\\NECYPAA XXXVI\\node_modules\\eventsource': 'C:\\Users\\Devin Keehner\\Projects\\YPAA Website\\NECYPAA XXXVI\\node_modules\\.eventsource-onqTG440',
187 silly reify   'C:\\Users\\Devin Keehner\\Projects\\YPAA Website\\NECYPAA XXXVI\\node_modules\\eventsource-parser': 'C:\\Users\\Devin Keehner\\Projects\\YPAA Website\\NECYPAA XXXVI\\node_modules\\.eventsource-parser-jTxDziZE',
187 silly reify   'C:\\Users\\Devin Keehner\\Projects\\YPAA Website\\NECYPAA XXXVI\\node_modules\\expand-template': 'C:\\Users\\Devin Keehner\\Projects\\YPAA Website\\NECYPAA XXXVI\\node_modules\\.expand-template-4w1TXcCr',
187 silly reify   'C:\\Users\\Devin Keehner\\Projects\\YPAA Website\\NECYPAA XXXVI\\node_modules\\express': 'C:\\Users\\Devin Keehner\\Projects\\YPAA Website\\NECYPAA XXXVI\\node_modules\\.express-ATToojg0',
187 silly reify   'C:\\Users\\Devin Keehner\\Projects\\YPAA Website\\NECYPAA XXXVI\\node_modules\\express-rate-limit': 'C:\\Users\\Devin Keehner\\Projects\\YPAA Website\\NECYPAA XXXVI\\node_modules\\.express-rate-limit-St1w9XAo',
187 silly reify   'C:\\Users\\Devin Keehner\\Projects\\YPAA Website\\NECYPAA XXXVI\\node_modules\\fast-fifo': 'C:\\Users\\Devin Keehner\\Projects\\YPAA Website\\NECYPAA XXXVI\\node_modules\\.fast-fifo-nS6AAtB8',
187 silly reify   'C:\\Users\\Devin Keehner\\Projects\\YPAA Website\\NECYPAA XXXVI\\node_modules\\finalhandler': 'C:\\Users\\Devin Keehner\\Projects\\YPAA Website\\NECYPAA XXXVI\\node_modules\\.finalhandler-6A3OS6bj',
187 silly reify   'C:\\Users\\Devin Keehner\\Projects\\YPAA Website\\NECYPAA XXXVI\\node_modules\\forwarded': 'C:\\Users\\Devin Keehner\\Projects\\YPAA Website\\NECYPAA XXXVI\\node_modules\\.forwarded-i9C0Jn3Q',
187 silly reify   'C:\\Users\\Devin Keehner\\Projects\\YPAA Website\\NECYPAA XXXVI\\node_modules\\fresh': 'C:\\Users\\Devin Keehner\\Projects\\YPAA Website\\NECYPAA XXXVI\\node_modules\\.fresh-gpVDQz3p',
187 silly reify   'C:\\Users\\Devin Keehner\\Projects\\YPAA Website\\NECYPAA XXXVI\\node_modules\\fs-constants': 'C:\\Users\\Devin Keehner\\Projects\\YPAA Website\\NECYPAA XXXVI\\node_modules\\.fs-constants-zi3R1yV6',
187 silly reify   'C:\\Users\\Devin Keehner\\Projects\\YPAA Website\\NECYPAA XXXVI\\node_modules\\generic-pool': 'C:\\Users\\Devin Keehner\\Projects\\YPAA Website\\NECYPAA XXXVI\\node_modules\\.generic-pool-3huufsXh',
187 silly reify   'C:\\Users\\Devin Keehner\\Projects\\YPAA Website\\NECYPAA XXXVI\\node_modules\\github-from-package': 'C:\\Users\\Devin Keehner\\Projects\\YPAA Website\\NECYPAA XXXVI\\node_modules\\.github-from-package-7TCoO3sx',
187 silly reify   'C:\\Users\\Devin Keehner\\Projects\\YPAA Website\\NECYPAA XXXVI\\node_modules\\hono': 'C:\\Users\\Devin Keehner\\Projects\\YPAA Website\\NECYPAA XXXVI\\node_modules\\.hono-ctGVKrhN',
187 silly reify   'C:\\Users\\Devin Keehner\\Projects\\YPAA Website\\NECYPAA XXXVI\\node_modules\\http-errors': 'C:\\Users\\Devin Keehner\\Projects\\YPAA Website\\NECYPAA XXXVI\\node_modules\\.http-errors-9xQE8oUo',
187 silly reify   'C:\\Users\\Devin Keehner\\Projects\\YPAA Website\\NECYPAA XXXVI\\node_modules\\iconv-lite': 'C:\\Users\\Devin Keehner\\Projects\\YPAA Website\\NECYPAA XXXVI\\node_modules\\.iconv-lite-DYDEvWcO',
187 silly reify   'C:\\Users\\Devin Keehner\\Projects\\YPAA Website\\NECYPAA XXXVI\\node_modules\\inherits': 'C:\\Users\\Devin Keehner\\Projects\\YPAA Website\\NECYPAA XXXVI\\node_modules\\.inherits-skXv5ONP',
187 silly reify   'C:\\Users\\Devin Keehner\\Projects\\YPAA Website\\NECYPAA XXXVI\\node_modules\\ip-address': 'C:\\Users\\Devin Keehner\\Projects\\YPAA Website\\NECYPAA XXXVI\\node_modules\\.ip-address-ug0HS5Y5',
187 silly reify   'C:\\Users\\Devin Keehner\\Projects\\YPAA Website\\NECYPAA XXXVI\\node_modules\\is-promise': 'C:\\Users\\Devin Keehner\\Projects\\YPAA Website\\NECYPAA XXXVI\\node_modules\\.is-promise-TgO8gxmf',
187 silly reify   'C:\\Users\\Devin Keehner\\Projects\\YPAA Website\\NECYPAA XXXVI\\node_modules\\json-schema-to-zod': 'C:\\Users\\Devin Keehner\\Projects\\YPAA Website\\NECYPAA XXXVI\\node_modules\\.json-schema-to-zod-AFdxjrm1',
187 silly reify   'C:\\Users\\Devin Keehner\\Projects\\YPAA Website\\NECYPAA XXXVI\\node_modules\\.bin\\json-schema-to-zod': 'C:\\Users\\Devin Keehner\\Projects\\YPAA Website\\NECYPAA XXXVI\\node_modules\\.bin\\.json-schema-to-zod-zkYDgNZQ',
187 silly reify   'C:\\Users\\Devin Keehner\\Projects\\YPAA Website\\NECYPAA XXXVI\\node_modules\\.bin\\json-schema-to-zod.cmd': 'C:\\Users\\Devin Keehner\\Projects\\YPAA Website\\NECYPAA XXXVI\\node_modules\\.bin\\.json-schema-to-zod.cmd-Dfj2vyRM',
187 silly reify   'C:\\Users\\Devin Keehner\\Projects\\YPAA Website\\NECYPAA XXXVI\\node_modules\\.bin\\json-schema-to-zod.ps1': 'C:\\Users\\Devin Keehner\\Projects\\YPAA Website\\NECYPAA XXXVI\\node_modules\\.bin\\.json-schema-to-zod.ps1-H8aTzHHx',
187 silly reify   'C:\\Users\\Devin Keehner\\Projects\\YPAA Website\\NECYPAA XXXVI\\node_modules\\json-schema-typed': 'C:\\Users\\Devin Keehner\\Projects\\YPAA Website\\NECYPAA XXXVI\\node_modules\\.json-schema-typed-RG7ec0WQ',
187 silly reify   'C:\\Users\\Devin Keehner\\Projects\\YPAA Website\\NECYPAA XXXVI\\node_modules\\kareem': 'C:\\Users\\Devin Keehner\\Projects\\YPAA Website\\NECYPAA XXXVI\\node_modules\\.kareem-UU8cz3Gw',
187 silly reify   'C:\\Users\\Devin Keehner\\Projects\\YPAA Website\\NECYPAA XXXVI\\node_modules\\mcp-handler': 'C:\\Users\\Devin Keehner\\Projects\\YPAA Website\\NECYPAA XXXVI\\node_modules\\.mcp-handler-r4Sgv4Mh',
187 silly reify   'C:\\Users\\Devin Keehner\\Projects\\YPAA Website\\NECYPAA XXXVI\\node_modules\\.bin\\create-mcp-route': 'C:\\Users\\Devin Keehner\\Projects\\YPAA Website\\NECYPAA XXXVI\\node_modules\\.bin\\.create-mcp-route-VxLArZBc',
187 silly reify   'C:\\Users\\Devin Keehner\\Projects\\YPAA Website\\NECYPAA XXXVI\\node_modules\\.bin\\create-mcp-route.cmd': 'C:\\Users\\Devin Keehner\\Projects\\YPAA Website\\NECYPAA XXXVI\\node_modules\\.bin\\.create-mcp-route.cmd-nKEJ0URH',
187 silly reify   'C:\\Users\\Devin Keehner\\Projects\\YPAA Website\\NECYPAA XXXVI\\node_modules\\.bin\\create-mcp-route.ps1': 'C:\\Users\\Devin Keehner\\Projects\\YPAA Website\\NECYPAA XXXVI\\node_modules\\.bin\\.create-mcp-route.ps1-OwiLWEB1',
187 silly reify   'C:\\Users\\Devin Keehner\\Projects\\YPAA Website\\NECYPAA XXXVI\\node_modules\\.bin\\mcp-adapter': 'C:\\Users\\Devin Keehner\\Projects\\YPAA Website\\NECYPAA XXXVI\\node_modules\\.bin\\.mcp-adapter-vNcWYpKg',
187 silly reify   'C:\\Users\\Devin Keehner\\Projects\\YPAA Website\\NECYPAA XXXVI\\node_modules\\.bin\\mcp-adapter.cmd': 'C:\\Users\\Devin Keehner\\Projects\\YPAA Website\\NECYPAA XXXVI\\node_modules\\.bin\\.mcp-adapter.cmd-1No2KMe3',
187 silly reify   'C:\\Users\\Devin Keehner\\Projects\\YPAA Website\\NECYPAA XXXVI\\node_modules\\.bin\\mcp-adapter.ps1': 'C:\\Users\\Devin Keehner\\Projects\\YPAA Website\\NECYPAA XXXVI\\node_modules\\.bin\\.mcp-adapter.ps1-kLJkVimI',
187 silly reify   'C:\\Users\\Devin Keehner\\Projects\\YPAA Website\\NECYPAA XXXVI\\node_modules\\.bin\\mcp-handler': 'C:\\Users\\Devin Keehner\\Projects\\YPAA Website\\NECYPAA XXXVI\\node_modules\\.bin\\.mcp-handler-CP4pnJ50',
187 silly reify   'C:\\Users\\Devin Keehner\\Projects\\YPAA Website\\NECYPAA XXXVI\\node_modules\\.bin\\mcp-handler.cmd': 'C:\\Users\\Devin Keehner\\Projects\\YPAA Website\\NECYPAA XXXVI\\node_modules\\.bin\\.mcp-handler.cmd-vnEeUpGE',
187 silly reify   'C:\\Users\\Devin Keehner\\Projects\\YPAA Website\\NECYPAA XXXVI\\node_modules\\.bin\\mcp-handler.ps1': 'C:\\Users\\Devin Keehner\\Projects\\YPAA Website\\NECYPAA XXXVI\\node_modules\\.bin\\.mcp-handler.ps1-3HCQA9x1',
187 silly reify   'C:\\Users\\Devin Keehner\\Projects\\YPAA Website\\NECYPAA XXXVI\\node_modules\\media-typer': 'C:\\Users\\Devin Keehner\\Projects\\YPAA Website\\NECYPAA XXXVI\\node_modules\\.media-typer-INWU38WS',
187 silly reify   'C:\\Users\\Devin Keehner\\Projects\\YPAA Website\\NECYPAA XXXVI\\node_modules\\memory-pager': 'C:\\Users\\Devin Keehner\\Projects\\YPAA Website\\NECYPAA XXXVI\\node_modules\\.memory-pager-zgBhXetV',
187 silly reify   'C:\\Users\\Devin Keehner\\Projects\\YPAA Website\\NECYPAA XXXVI\\node_modules\\merge-descriptors': 'C:\\Users\\Devin Keehner\\Projects\\YPAA Website\\NECYPAA XXXVI\\node_modules\\.merge-descriptors-x16XDmAg',
187 silly reify   'C:\\Users\\Devin Keehner\\Projects\\YPAA Website\\NECYPAA XXXVI\\node_modules\\mime-types': 'C:\\Users\\Devin Keehner\\Projects\\YPAA Website\\NECYPAA XXXVI\\node_modules\\.mime-types-FcWxuaOh',
187 silly reify   'C:\\Users\\Devin Keehner\\Projects\\YPAA Website\\NECYPAA XXXVI\\node_modules\\mimic-response': 'C:\\Users\\Devin Keehner\\Projects\\YPAA Website\\NECYPAA XXXVI\\node_modules\\.mimic-response-1H8ZjuFU',
187 silly reify   'C:\\Users\\Devin Keehner\\Projects\\YPAA Website\\NECYPAA XXXVI\\node_modules\\mkdirp-classic': 'C:\\Users\\Devin Keehner\\Projects\\YPAA Website\\NECYPAA XXXVI\\node_modules\\.mkdirp-classic-4Aau8GNQ',
187 silly reify   'C:\\Users\\Devin Keehner\\Projects\\YPAA Website\\NECYPAA XXXVI\\node_modules\\mongodb': 'C:\\Users\\Devin Keehner\\Projects\\YPAA Website\\NECYPAA XXXVI\\node_modules\\.mongodb-uBSpTIcH',
187 silly reify   'C:\\Users\\Devin Keehner\\Projects\\YPAA Website\\NECYPAA XXXVI\\node_modules\\mongodb-connection-string-url': 'C:\\Users\\Devin Keehner\\Projects\\YPAA Website\\NECYPAA XXXVI\\node_modules\\.mongodb-connection-string-url-mWoBU1XQ',
187 silly reify   'C:\\Users\\Devin Keehner\\Projects\\YPAA Website\\NECYPAA XXXVI\\node_modules\\mongoose': 'C:\\Users\\Devin Keehner\\Projects\\YPAA Website\\NECYPAA XXXVI\\node_modules\\.mongoose-cAvFonot',
187 silly reify   'C:\\Users\\Devin Keehner\\Projects\\YPAA Website\\NECYPAA XXXVI\\node_modules\\mongoose-lean-virtuals': 'C:\\Users\\Devin Keehner\\Projects\\YPAA Website\\NECYPAA XXXVI\\node_modules\\.mongoose-lean-virtuals-Cek936hA',
187 silly reify   'C:\\Users\\Devin Keehner\\Projects\\YPAA Website\\NECYPAA XXXVI\\node_modules\\mongoose-paginate-v2': 'C:\\Users\\Devin Keehner\\Projects\\YPAA Website\\NECYPAA XXXVI\\node_modules\\.mongoose-paginate-v2-u1UnZGks',
187 silly reify   'C:\\Users\\Devin Keehner\\Projects\\YPAA Website\\NECYPAA XXXVI\\node_modules\\mpath': 'C:\\Users\\Devin Keehner\\Projects\\YPAA Website\\NECYPAA XXXVI\\node_modules\\.mpath-pmnQUSzY',
187 silly reify   'C:\\Users\\Devin Keehner\\Projects\\YPAA Website\\NECYPAA XXXVI\\node_modules\\mquery': 'C:\\Users\\Devin Keehner\\Projects\\YPAA Website\\NECYPAA XXXVI\\node_modules\\.mquery-5gCVeaja',
187 silly reify   'C:\\Users\\Devin Keehner\\Projects\\YPAA Website\\NECYPAA XXXVI\\node_modules\\napi-build-utils': 'C:\\Users\\Devin Keehner\\Projects\\YPAA Website\\NECYPAA XXXVI\\node_modules\\.napi-build-utils-RwSYGo25',
187 silly reify   'C:\\Users\\Devin Keehner\\Projects\\YPAA Website\\NECYPAA XXXVI\\node_modules\\negotiator': 'C:\\Users\\Devin Keehner\\Projects\\YPAA Website\\NECYPAA XXXVI\\node_modules\\.negotiator-poqXDTDO',
187 silly reify   'C:\\Users\\Devin Keehner\\Projects\\YPAA Website\\NECYPAA XXXVI\\node_modules\\next': 'C:\\Users\\Devin Keehner\\Projects\\YPAA Website\\NECYPAA XXXVI\\node_modules\\.next-XZCqgmSF',
187 silly reify   'C:\\Users\\Devin Keehner\\Projects\\YPAA Website\\NECYPAA XXXVI\\node_modules\\.bin\\next': 'C:\\Users\\Devin Keehner\\Projects\\YPAA Website\\NECYPAA XXXVI\\node_modules\\.bin\\.next-HH6bqvHL',
187 silly reify   'C:\\Users\\Devin Keehner\\Projects\\YPAA Website\\NECYPAA XXXVI\\node_modules\\.bin\\next.cmd': 'C:\\Users\\Devin Keehner\\Projects\\YPAA Website\\NECYPAA XXXVI\\node_modules\\.bin\\.next.cmd-IXyWjl1B',
187 silly reify   'C:\\Users\\Devin Keehner\\Projects\\YPAA Website\\NECYPAA XXXVI\\node_modules\\.bin\\next.ps1': 'C:\\Users\\Devin Keehner\\Projects\\YPAA Website\\NECYPAA XXXVI\\node_modules\\.bin\\.next.ps1-FjqDc6r7',
187 silly reify   'C:\\Users\\Devin Keehner\\Projects\\YPAA Website\\NECYPAA XXXVI\\node_modules\\node-abi': 'C:\\Users\\Devin Keehner\\Projects\\YPAA Website\\NECYPAA XXXVI\\node_modules\\.node-abi-Ex41GdeK',
187 silly reify   'C:\\Users\\Devin Keehner\\Projects\\YPAA Website\\NECYPAA XXXVI\\node_modules\\node-addon-api': 'C:\\Users\\Devin Keehner\\Projects\\YPAA Website\\NECYPAA XXXVI\\node_modules\\.node-addon-api-SNr32gLW',
187 silly reify   'C:\\Users\\Devin Keehner\\Projects\\YPAA Website\\NECYPAA XXXVI\\node_modules\\on-finished': 'C:\\Users\\Devin Keehner\\Projects\\YPAA Website\\NECYPAA XXXVI\\node_modules\\.on-finished-XtToGzgw',
187 silly reify   'C:\\Users\\Devin Keehner\\Projects\\YPAA Website\\NECYPAA XXXVI\\node_modules\\parseurl': 'C:\\Users\\Devin Keehner\\Projects\\YPAA Website\\NECYPAA XXXVI\\node_modules\\.parseurl-ZCHq9J8K',
187 silly reify   'C:\\Users\\Devin Keehner\\Projects\\YPAA Website\\NECYPAA XXXVI\\node_modules\\pkce-challenge': 'C:\\Users\\Devin Keehner\\Projects\\YPAA Website\\NECYPAA XXXVI\\node_modules\\.pkce-challenge-hS4Soq8u',
187 silly reify   'C:\\Users\\Devin Keehner\\Projects\\YPAA Website\\NECYPAA XXXVI\\node_modules\\prebuild-install': 'C:\\Users\\Devin Keehner\\Projects\\YPAA Website\\NECYPAA XXXVI\\node_modules\\.prebuild-install-wFgqMYAt',
187 silly reify   'C:\\Users\\Devin Keehner\\Projects\\YPAA Website\\NECYPAA XXXVI\\node_modules\\.bin\\prebuild-install': 'C:\\Users\\Devin Keehner\\Projects\\YPAA Website\\NECYPAA XXXVI\\node_modules\\.bin\\.prebuild-install-c6CtBvhw',
187 silly reify   'C:\\Users\\Devin Keehner\\Projects\\YPAA Website\\NECYPAA XXXVI\\node_modules\\.bin\\prebuild-install.cmd': 'C:\\Users\\Devin Keehner\\Projects\\YPAA Website\\NECYPAA XXXVI\\node_modules\\.bin\\.prebuild-install.cmd-MCVNsVDh',
187 silly reify   'C:\\Users\\Devin Keehner\\Projects\\YPAA Website\\NECYPAA XXXVI\\node_modules\\.bin\\prebuild-install.ps1': 'C:\\Users\\Devin Keehner\\Projects\\YPAA Website\\NECYPAA XXXVI\\node_modules\\.bin\\.prebuild-install.ps1-drxPrazT',
187 silly reify   'C:\\Users\\Devin Keehner\\Projects\\YPAA Website\\NECYPAA XXXVI\\node_modules\\proxy-addr': 'C:\\Users\\Devin Keehner\\Projects\\YPAA Website\\NECYPAA XXXVI\\node_modules\\.proxy-addr-XeUc6rG8',
187 silly reify   'C:\\Users\\Devin Keehner\\Projects\\YPAA Website\\NECYPAA XXXVI\\node_modules\\qs': 'C:\\Users\\Devin Keehner\\Projects\\YPAA Website\\NECYPAA XXXVI\\node_modules\\.qs-YBYeCeNt',
187 silly reify   'C:\\Users\\Devin Keehner\\Projects\\YPAA Website\\NECYPAA XXXVI\\node_modules\\raw-body': 'C:\\Users\\Devin Keehner\\Projects\\YPAA Website\\NECYPAA XXXVI\\node_modules\\.raw-body-LwTe3cZD',
187 silly reify   'C:\\Users\\Devin Keehner\\Projects\\YPAA Website\\NECYPAA XXXVI\\node_modules\\rc': 'C:\\Users\\Devin Keehner\\Projects\\YPAA Website\\NECYPAA XXXVI\\node_modules\\.rc-0E9tPiAY',
187 silly reify   'C:\\Users\\Devin Keehner\\Projects\\YPAA Website\\NECYPAA XXXVI\\node_modules\\.bin\\rc': 'C:\\Users\\Devin Keehner\\Projects\\YPAA Website\\NECYPAA XXXVI\\node_modules\\.bin\\.rc-1fWmS2Cm',
187 silly reify   'C:\\Users\\Devin Keehner\\Projects\\YPAA Website\\NECYPAA XXXVI\\node_modules\\.bin\\rc.cmd': 'C:\\Users\\Devin Keehner\\Projects\\YPAA Website\\NECYPAA XXXVI\\node_modules\\.bin\\.rc.cmd-83XaZUhy',
187 silly reify   'C:\\Users\\Devin Keehner\\Projects\\YPAA Website\\NECYPAA XXXVI\\node_modules\\.bin\\rc.ps1': 'C:\\Users\\Devin Keehner\\Projects\\YPAA Website\\NECYPAA XXXVI\\node_modules\\.bin\\.rc.ps1-ttpw1aOY',
187 silly reify   'C:\\Users\\Devin Keehner\\Projects\\YPAA Website\\NECYPAA XXXVI\\node_modules\\react': 'C:\\Users\\Devin Keehner\\Projects\\YPAA Website\\NECYPAA XXXVI\\node_modules\\.react-f7NtOvNF',
187 silly reify   'C:\\Users\\Devin Keehner\\Projects\\YPAA Website\\NECYPAA XXXVI\\node_modules\\react-dom': 'C:\\Users\\Devin Keehner\\Projects\\YPAA Website\\NECYPAA XXXVI\\node_modules\\.react-dom-7GG8Ws3u',
187 silly reify   'C:\\Users\\Devin Keehner\\Projects\\YPAA Website\\NECYPAA XXXVI\\node_modules\\readable-stream': 'C:\\Users\\Devin Keehner\\Projects\\YPAA Website\\NECYPAA XXXVI\\node_modules\\.readable-stream-6JMBzUuV',
187 silly reify   'C:\\Users\\Devin Keehner\\Projects\\YPAA Website\\NECYPAA XXXVI\\node_modules\\redis': 'C:\\Users\\Devin Keehner\\Projects\\YPAA Website\\NECYPAA XXXVI\\node_modules\\.redis-hVnhCjbt',
187 silly reify   'C:\\Users\\Devin Keehner\\Projects\\YPAA Website\\NECYPAA XXXVI\\node_modules\\router': 'C:\\Users\\Devin Keehner\\Projects\\YPAA Website\\NECYPAA XXXVI\\node_modules\\.router-XJ57QIDU',
187 silly reify   'C:\\Users\\Devin Keehner\\Projects\\YPAA Website\\NECYPAA XXXVI\\node_modules\\safe-buffer': 'C:\\Users\\Devin Keehner\\Projects\\YPAA Website\\NECYPAA XXXVI\\node_modules\\.safe-buffer-Kvr6GeNJ',
187 silly reify   'C:\\Users\\Devin Keehner\\Projects\\YPAA Website\\NECYPAA XXXVI\\node_modules\\safer-buffer': 'C:\\Users\\Devin Keehner\\Projects\\YPAA Website\\NECYPAA XXXVI\\node_modules\\.safer-buffer-KmIaVWDO',
187 silly reify   'C:\\Users\\Devin Keehner\\Projects\\YPAA Website\\NECYPAA XXXVI\\node_modules\\send': 'C:\\Users\\Devin Keehner\\Projects\\YPAA Website\\NECYPAA XXXVI\\node_modules\\.send-h8gLZUaW',
187 silly reify   'C:\\Users\\Devin Keehner\\Projects\\YPAA Website\\NECYPAA XXXVI\\node_modules\\serve-static': 'C:\\Users\\Devin Keehner\\Projects\\YPAA Website\\NECYPAA XXXVI\\node_modules\\.serve-static-kNrfSs2L',
187 silly reify   'C:\\Users\\Devin Keehner\\Projects\\YPAA Website\\NECYPAA XXXVI\\node_modules\\setprototypeof': 'C:\\Users\\Devin Keehner\\Projects\\YPAA Website\\NECYPAA XXXVI\\node_modules\\.setprototypeof-ABUz18RO',
187 silly reify   'C:\\Users\\Devin Keehner\\Projects\\YPAA Website\\NECYPAA XXXVI\\node_modules\\sharp': 'C:\\Users\\Devin Keehner\\Projects\\YPAA Website\\NECYPAA XXXVI\\node_modules\\.sharp-balMjWZF',
187 silly reify   'C:\\Users\\Devin Keehner\\Projects\\YPAA Website\\NECYPAA XXXVI\\node_modules\\sift': 'C:\\Users\\Devin Keehner\\Projects\\YPAA Website\\NECYPAA XXXVI\\node_modules\\.sift-DBHKjZoC',
187 silly reify   'C:\\Users\\Devin Keehner\\Projects\\YPAA Website\\NECYPAA XXXVI\\node_modules\\simple-concat': 'C:\\Users\\Devin Keehner\\Projects\\YPAA Website\\NECYPAA XXXVI\\node_modules\\.simple-concat-ntSyvJVw',
187 silly reify   'C:\\Users\\Devin Keehner\\Projects\\YPAA Website\\NECYPAA XXXVI\\node_modules\\simple-get': 'C:\\Users\\Devin Keehner\\Projects\\YPAA Website\\NECYPAA XXXVI\\node_modules\\.simple-get-Ys5wouKC',
187 silly reify   'C:\\Users\\Devin Keehner\\Projects\\YPAA Website\\NECYPAA XXXVI\\node_modules\\simple-swizzle': 'C:\\Users\\Devin Keehner\\Projects\\YPAA Website\\NECYPAA XXXVI\\node_modules\\.simple-swizzle-niXzDIoU',
187 silly reify   'C:\\Users\\Devin Keehner\\Projects\\YPAA Website\\NECYPAA XXXVI\\node_modules\\source-map': 'C:\\Users\\Devin Keehner\\Projects\\YPAA Website\\NECYPAA XXXVI\\node_modules\\.source-map-hNIXuDX4',
187 silly reify   'C:\\Users\\Devin Keehner\\Projects\\YPAA Website\\NECYPAA XXXVI\\node_modules\\sparse-bitfield': 'C:\\Users\\Devin Keehner\\Projects\\YPAA Website\\NECYPAA XXXVI\\node_modules\\.sparse-bitfield-GTA24e1j',
187 silly reify   'C:\\Users\\Devin Keehner\\Projects\\YPAA Website\\NECYPAA XXXVI\\node_modules\\statuses': 'C:\\Users\\Devin Keehner\\Projects\\YPAA Website\\NECYPAA XXXVI\\node_modules\\.statuses-rGj8JnsZ',
187 silly reify   'C:\\Users\\Devin Keehner\\Projects\\YPAA Website\\NECYPAA XXXVI\\node_modules\\stream-browserify': 'C:\\Users\\Devin Keehner\\Projects\\YPAA Website\\NECYPAA XXXVI\\node_modules\\.stream-browserify-DyLpcOzy',
187 silly reify   'C:\\Users\\Devin Keehner\\Projects\\YPAA Website\\NECYPAA XXXVI\\node_modules\\streamx': 'C:\\Users\\Devin Keehner\\Projects\\YPAA Website\\NECYPAA XXXVI\\node_modules\\.streamx-w4Fh4Faf',
187 silly reify   'C:\\Users\\Devin Keehner\\Projects\\YPAA Website\\NECYPAA XXXVI\\node_modules\\string_decoder': 'C:\\Users\\Devin Keehner\\Projects\\YPAA Website\\NECYPAA XXXVI\\node_modules\\.string_decoder-6wMZgCoJ',
187 silly reify   'C:\\Users\\Devin Keehner\\Projects\\YPAA Website\\NECYPAA XXXVI\\node_modules\\tar-fs': 'C:\\Users\\Devin Keehner\\Projects\\YPAA Website\\NECYPAA XXXVI\\node_modules\\.tar-fs-B8XxecjX',
187 silly reify   'C:\\Users\\Devin Keehner\\Projects\\YPAA Website\\NECYPAA XXXVI\\node_modules\\tar-stream': 'C:\\Users\\Devin Keehner\\Projects\\YPAA Website\\NECYPAA XXXVI\\node_modules\\.tar-stream-9xEK4NQ1',
187 silly reify   'C:\\Users\\Devin Keehner\\Projects\\YPAA Website\\NECYPAA XXXVI\\node_modules\\teex': 'C:\\Users\\Devin Keehner\\Projects\\YPAA Website\\NECYPAA XXXVI\\node_modules\\.teex-oxPMTFJt',
187 silly reify   'C:\\Users\\Devin Keehner\\Projects\\YPAA Website\\NECYPAA XXXVI\\node_modules\\text-decoder': 'C:\\Users\\Devin Keehner\\Projects\\YPAA Website\\NECYPAA XXXVI\\node_modules\\.text-decoder-t739F0xO',
187 silly reify   'C:\\Users\\Devin Keehner\\Projects\\YPAA Website\\NECYPAA XXXVI\\node_modules\\toidentifier': 'C:\\Users\\Devin Keehner\\Projects\\YPAA Website\\NECYPAA XXXVI\\node_modules\\.toidentifier-5spxPQTD',
187 silly reify   'C:\\Users\\Devin Keehner\\Projects\\YPAA Website\\NECYPAA XXXVI\\node_modules\\tr46': 'C:\\Users\\Devin Keehner\\Projects\\YPAA Website\\NECYPAA XXXVI\\node_modules\\.tr46-RSicRMFI',
187 silly reify   'C:\\Users\\Devin Keehner\\Projects\\YPAA Website\\NECYPAA XXXVI\\node_modules\\tunnel-agent': 'C:\\Users\\Devin Keehner\\Projects\\YPAA Website\\NECYPAA XXXVI\\node_modules\\.tunnel-agent-AWIIsT2X',
187 silly reify   'C:\\Users\\Devin Keehner\\Projects\\YPAA Website\\NECYPAA XXXVI\\node_modules\\type-is': 'C:\\Users\\Devin Keehner\\Projects\\YPAA Website\\NECYPAA XXXVI\\node_modules\\.type-is-jeIFrqGC',
187 silly reify   'C:\\Users\\Devin Keehner\\Projects\\YPAA Website\\NECYPAA XXXVI\\node_modules\\unpipe': 'C:\\Users\\Devin Keehner\\Projects\\YPAA Website\\NECYPAA XXXVI\\node_modules\\.unpipe-S6sXX6eb',
187 silly reify   'C:\\Users\\Devin Keehner\\Projects\\YPAA Website\\NECYPAA XXXVI\\node_modules\\util-deprecate': 'C:\\Users\\Devin Keehner\\Projects\\YPAA Website\\NECYPAA XXXVI\\node_modules\\.util-deprecate-JQbeTENC',
187 silly reify   'C:\\Users\\Devin Keehner\\Projects\\YPAA Website\\NECYPAA XXXVI\\node_modules\\vary': 'C:\\Users\\Devin Keehner\\Projects\\YPAA Website\\NECYPAA XXXVI\\node_modules\\.vary-ZKGYw2sQ',
187 silly reify   'C:\\Users\\Devin Keehner\\Projects\\YPAA Website\\NECYPAA XXXVI\\node_modules\\webidl-conversions': 'C:\\Users\\Devin Keehner\\Projects\\YPAA Website\\NECYPAA XXXVI\\node_modules\\.webidl-conversions-Dz0KLD3M',
187 silly reify   'C:\\Users\\Devin Keehner\\Projects\\YPAA Website\\NECYPAA XXXVI\\node_modules\\whatwg-url': 'C:\\Users\\Devin Keehner\\Projects\\YPAA Website\\NECYPAA XXXVI\\node_modules\\.whatwg-url-PGR1EMa7',
187 silly reify   'C:\\Users\\Devin Keehner\\Projects\\YPAA Website\\NECYPAA XXXVI\\node_modules\\yaml': 'C:\\Users\\Devin Keehner\\Projects\\YPAA Website\\NECYPAA XXXVI\\node_modules\\.yaml-pGwlILIH',
187 silly reify   'C:\\Users\\Devin Keehner\\Projects\\YPAA Website\\NECYPAA XXXVI\\node_modules\\yjs': 'C:\\Users\\Devin Keehner\\Projects\\YPAA Website\\NECYPAA XXXVI\\node_modules\\.yjs-wYkvquUv',
187 silly reify   'C:\\Users\\Devin Keehner\\Projects\\YPAA Website\\NECYPAA XXXVI\\node_modules\\zod-to-json-schema': 'C:\\Users\\Devin Keehner\\Projects\\YPAA Website\\NECYPAA XXXVI\\node_modules\\.zod-to-json-schema-F4OWbS93'
187 silly reify }
188 http cache next@https://registry.npmjs.org/next/-/next-16.2.6.tgz 2ms (cache hit)
189 http cache zod-validation-error@https://registry.npmjs.org/zod-validation-error/-/zod-validation-error-4.0.2.tgz 0ms (cache hit)
190 http cache youch-core@https://registry.npmjs.org/youch-core/-/youch-core-0.3.3.tgz 0ms (cache hit)
191 http cache yoga-layout@https://registry.npmjs.org/yoga-layout/-/yoga-layout-3.2.1.tgz 0ms (cache hit)
192 http cache youch@https://registry.npmjs.org/youch/-/youch-4.1.0-beta.10.tgz 0ms (cache hit)
193 http cache yallist@https://registry.npmjs.org/yallist/-/yallist-3.1.1.tgz 0ms (cache hit)
194 http cache workerd@https://registry.npmjs.org/workerd/-/workerd-1.20260515.1.tgz 0ms (cache hit)
195 http cache wrangler@https://registry.npmjs.org/wrangler/-/wrangler-4.92.0.tgz 0ms (cache hit)
196 http cache webpack@https://registry.npmjs.org/webpack/-/webpack-5.106.2.tgz 0ms (cache hit)
197 http cache webpack-sources@https://registry.npmjs.org/webpack-sources/-/webpack-sources-3.4.1.tgz 0ms (cache hit)
198 http cache watchpack@https://registry.npmjs.org/watchpack/-/watchpack-2.5.1.tgz 0ms (cache hit)
199 http cache web-vitals@https://registry.npmjs.org/web-vitals/-/web-vitals-4.2.4.tgz 0ms (cache hit)
200 http cache vitefu@https://registry.npmjs.org/vitefu/-/vitefu-1.1.3.tgz 0ms (cache hit)
201 http cache vite-tsconfig-paths@https://registry.npmjs.org/vite-tsconfig-paths/-/vite-tsconfig-paths-6.1.1.tgz 0ms (cache hit)
202 http cache vite-plugin-commonjs@https://registry.npmjs.org/vite-plugin-commonjs/-/vite-plugin-commonjs-0.10.4.tgz 0ms (cache hit)
203 http cache vite-plugin-dynamic-import@https://registry.npmjs.org/vite-plugin-dynamic-import/-/vite-plugin-dynamic-import-1.6.0.tgz 0ms (cache hit)
204 http cache vinext@https://registry.npmjs.org/vinext/-/vinext-0.0.50.tgz 0ms (cache hit)
205 http cache vite@https://registry.npmjs.org/vite/-/vite-8.0.13.tgz 0ms (cache hit)
206 http cache update-browserslist-db@https://registry.npmjs.org/update-browserslist-db/-/update-browserslist-db-1.2.3.tgz 0ms (cache hit)
207 http cache unicode-trie@https://registry.npmjs.org/unicode-trie/-/unicode-trie-2.0.0.tgz 0ms (cache hit)
208 http cache unpic@https://registry.npmjs.org/unpic/-/unpic-4.2.2.tgz 0ms (cache hit)
209 http cache undici@https://registry.npmjs.org/undici/-/undici-7.24.8.tgz 0ms (cache hit)
210 http cache typescript-eslint@https://registry.npmjs.org/typescript-eslint/-/typescript-eslint-8.59.3.tgz 0ms (cache hit)
211 http cache unenv@https://registry.npmjs.org/unenv/-/unenv-2.0.0-rc.24.tgz 0ms (cache hit)
212 http cache tsconfck@https://registry.npmjs.org/tsconfck/-/tsconfck-3.1.6.tgz 0ms (cache hit)
213 http cache to-snake-case@https://registry.npmjs.org/to-snake-case/-/to-snake-case-1.0.0.tgz 0ms (cache hit)
214 http cache turbo-stream@https://registry.npmjs.org/turbo-stream/-/turbo-stream-3.2.0.tgz 0ms (cache hit)
215 http cache to-no-case@https://registry.npmjs.org/to-no-case/-/to-no-case-1.0.2.tgz 0ms (cache hit)
216 http cache tiny-inflate@https://registry.npmjs.org/tiny-inflate/-/tiny-inflate-1.0.3.tgz 0ms (cache hit)
217 http cache to-space-case@https://registry.npmjs.org/to-space-case/-/to-space-case-1.0.0.tgz 0ms (cache hit)
218 http cache terser-webpack-plugin@https://registry.npmjs.org/terser-webpack-plugin/-/terser-webpack-plugin-5.6.0.tgz 0ms (cache hit)
219 http cache terser@https://registry.npmjs.org/terser/-/terser-5.47.1.tgz 0ms (cache hit)
220 http cache string.prototype.codepointat@https://registry.npmjs.org/string.prototype.codepointat/-/string.prototype.codepointat-0.2.1.tgz 0ms (cache hit)
221 http cache strip-literal@https://registry.npmjs.org/strip-literal/-/strip-literal-3.1.0.tgz 0ms (cache hit)
222 http cache schema-utils@https://registry.npmjs.org/schema-utils/-/schema-utils-4.3.3.tgz 0ms (cache hit)
223 http cache source-map-support@https://registry.npmjs.org/source-map-support/-/source-map-support-0.5.21.tgz 0ms (cache hit)
224 http cache srvx@https://registry.npmjs.org/srvx/-/srvx-0.11.15.tgz 0ms (cache hit)
225 http cache satori@https://registry.npmjs.org/satori/-/satori-0.16.0.tgz 0ms (cache hit)
226 http cache rolldown@https://registry.npmjs.org/rolldown/-/rolldown-1.0.1.tgz 0ms (cache hit)
227 http cache react-server-dom-webpack@https://registry.npmjs.org/react-server-dom-webpack/-/react-server-dom-webpack-19.2.6.tgz 0ms (cache hit)
228 http cache postcss-value-parser@https://registry.npmjs.org/postcss-value-parser/-/postcss-value-parser-4.2.0.tgz 0ms (cache hit)
229 http cache pathe@https://registry.npmjs.org/pathe/-/pathe-2.0.3.tgz 0ms (cache hit)
230 http cache parse-css-color@https://registry.npmjs.org/parse-css-color/-/parse-css-color-0.2.1.tgz 0ms (cache hit)
231 http cache pako@https://registry.npmjs.org/pako/-/pako-0.2.9.tgz 0ms (cache hit)
232 http cache neo-async@https://registry.npmjs.org/neo-async/-/neo-async-2.6.2.tgz 0ms (cache hit)
233 http cache node-releases@https://registry.npmjs.org/node-releases/-/node-releases-2.0.44.tgz 0ms (cache hit)
234 http cache miniflare@https://registry.npmjs.org/miniflare/-/miniflare-4.20260515.0.tgz 0ms (cache hit)
235 http cache lru-cache@https://registry.npmjs.org/lru-cache/-/lru-cache-5.1.1.tgz 0ms (cache hit)
236 http cache merge-stream@https://registry.npmjs.org/merge-stream/-/merge-stream-2.0.0.tgz 0ms (cache hit)
237 http cache linebreak@https://registry.npmjs.org/linebreak/-/linebreak-1.1.0.tgz 0ms (cache hit)
238 http cache json5@https://registry.npmjs.org/json5/-/json5-2.2.3.tgz 0ms (cache hit)
239 http cache loader-runner@https://registry.npmjs.org/loader-runner/-/loader-runner-4.3.2.tgz 0ms (cache hit)
240 http cache ipaddr.js@https://registry.npmjs.org/ipaddr.js/-/ipaddr.js-2.4.0.tgz 0ms (cache hit)
241 http cache kleur@https://registry.npmjs.org/kleur/-/kleur-4.1.5.tgz 0ms (cache hit)
242 http cache hex-rgb@https://registry.npmjs.org/hex-rgb/-/hex-rgb-4.3.0.tgz 0ms (cache hit)
243 http cache image-size@https://registry.npmjs.org/image-size/-/image-size-2.0.2.tgz 0ms (cache hit)
244 http cache hermes-parser@https://registry.npmjs.org/hermes-parser/-/hermes-parser-0.25.1.tgz 0ms (cache hit)
245 http cache jest-worker@https://registry.npmjs.org/jest-worker/-/jest-worker-27.5.1.tgz 0ms (cache hit)
246 http cache hermes-estree@https://registry.npmjs.org/hermes-estree/-/hermes-estree-0.25.1.tgz 0ms (cache hit)
247 http cache globrex@https://registry.npmjs.org/globrex/-/globrex-0.1.2.tgz 1ms (cache hit)
248 http cache glob-to-regexp@https://registry.npmjs.org/glob-to-regexp/-/glob-to-regexp-0.4.1.tgz 0ms (cache hit)
249 http cache gensync@https://registry.npmjs.org/gensync/-/gensync-1.0.0-beta.2.tgz 0ms (cache hit)
250 http cache estree-walker@https://registry.npmjs.org/estree-walker/-/estree-walker-3.0.3.tgz 0ms (cache hit)
251 http cache fflate@https://registry.npmjs.org/fflate/-/fflate-0.7.4.tgz 0ms (cache hit)
252 http cache escalade@https://registry.npmjs.org/escalade/-/escalade-3.2.0.tgz 0ms (cache hit)
253 http cache esbuild-register@https://registry.npmjs.org/esbuild-register/-/esbuild-register-3.6.0.tgz 0ms (cache hit)
254 http cache error-stack-parser-es@https://registry.npmjs.org/error-stack-parser-es/-/error-stack-parser-es-1.0.5.tgz 0ms (cache hit)
255 http cache emoji-regex-xs@https://registry.npmjs.org/emoji-regex-xs/-/emoji-regex-xs-2.0.1.tgz 0ms (cache hit)
256 http cache es-module-lexer@https://registry.npmjs.org/es-module-lexer/-/es-module-lexer-2.1.0.tgz 0ms (cache hit)
257 http cache drizzle-kit@https://registry.npmjs.org/drizzle-kit/-/drizzle-kit-0.31.10.tgz 0ms (cache hit)
258 http cache css-to-react-native@https://registry.npmjs.org/css-to-react-native/-/css-to-react-native-3.2.0.tgz 0ms (cache hit)
259 http cache drizzle-orm@https://registry.npmjs.org/drizzle-orm/-/drizzle-orm-0.45.2.tgz 0ms (cache hit)
260 http cache electron-to-chromium@https://registry.npmjs.org/electron-to-chromium/-/electron-to-chromium-1.5.358.tgz 0ms (cache hit)
261 http cache css-gradient-parser@https://registry.npmjs.org/css-gradient-parser/-/css-gradient-parser-0.0.16.tgz 0ms (cache hit)
262 http cache css-box-shadow@https://registry.npmjs.org/css-box-shadow/-/css-box-shadow-1.0.0-3.tgz 0ms (cache hit)
263 http cache css-color-keywords@https://registry.npmjs.org/css-color-keywords/-/css-color-keywords-1.0.0.tgz 0ms (cache hit)
264 http cache convert-source-map@https://registry.npmjs.org/convert-source-map/-/convert-source-map-2.0.0.tgz 0ms (cache hit)
265 http cache camelize@https://registry.npmjs.org/camelize/-/camelize-1.0.1.tgz 0ms (cache hit)
266 http cache css-background-parser@https://registry.npmjs.org/css-background-parser/-/css-background-parser-0.1.0.tgz 0ms (cache hit)
267 http cache chrome-trace-event@https://registry.npmjs.org/chrome-trace-event/-/chrome-trace-event-1.0.4.tgz 0ms (cache hit)
268 http cache cookie@https://registry.npmjs.org/cookie/-/cookie-1.1.1.tgz 0ms (cache hit)
269 http cache buffer-from@https://registry.npmjs.org/buffer-from/-/buffer-from-1.1.2.tgz 0ms (cache hit)
270 http cache blake3-wasm@https://registry.npmjs.org/blake3-wasm/-/blake3-wasm-2.1.5.tgz 0ms (cache hit)
271 http cache browserslist@https://registry.npmjs.org/browserslist/-/browserslist-4.28.2.tgz 0ms (cache hit)
272 http cache baseline-browser-mapping@https://registry.npmjs.org/baseline-browser-mapping/-/baseline-browser-mapping-2.10.30.tgz 1ms (cache hit)
273 http cache @webassemblyjs/wast-printer@https://registry.npmjs.org/@webassemblyjs/wast-printer/-/wast-printer-1.14.1.tgz 0ms (cache hit)
274 http cache @xtuc/long@https://registry.npmjs.org/@xtuc/long/-/long-4.2.2.tgz 0ms (cache hit)
275 http cache base64-js@https://registry.npmjs.org/base64-js/-/base64-js-0.0.8.tgz 0ms (cache hit)
276 http cache acorn-import-phases@https://registry.npmjs.org/acorn-import-phases/-/acorn-import-phases-1.0.4.tgz 0ms (cache hit)
277 http cache acorn-loose@https://registry.npmjs.org/acorn-loose/-/acorn-loose-8.5.2.tgz 0ms (cache hit)
278 http cache @xtuc/ieee754@https://registry.npmjs.org/@xtuc/ieee754/-/ieee754-1.2.0.tgz 0ms (cache hit)
279 http cache @webassemblyjs/wasm-opt@https://registry.npmjs.org/@webassemblyjs/wasm-opt/-/wasm-opt-1.14.1.tgz 0ms (cache hit)
280 http cache @webassemblyjs/wasm-parser@https://registry.npmjs.org/@webassemblyjs/wasm-parser/-/wasm-parser-1.14.1.tgz 1ms (cache hit)
281 http cache @webassemblyjs/wasm-edit@https://registry.npmjs.org/@webassemblyjs/wasm-edit/-/wasm-edit-1.14.1.tgz 0ms (cache hit)
282 http cache @webassemblyjs/wasm-gen@https://registry.npmjs.org/@webassemblyjs/wasm-gen/-/wasm-gen-1.14.1.tgz 0ms (cache hit)
283 http cache @webassemblyjs/utf8@https://registry.npmjs.org/@webassemblyjs/utf8/-/utf8-1.13.2.tgz 0ms (cache hit)
284 http cache @webassemblyjs/helper-wasm-section@https://registry.npmjs.org/@webassemblyjs/helper-wasm-section/-/helper-wasm-section-1.14.1.tgz 0ms (cache hit)
285 http cache @webassemblyjs/leb128@https://registry.npmjs.org/@webassemblyjs/leb128/-/leb128-1.13.2.tgz 0ms (cache hit)
286 http cache @webassemblyjs/ieee754@https://registry.npmjs.org/@webassemblyjs/ieee754/-/ieee754-1.13.2.tgz 0ms (cache hit)
287 http cache @webassemblyjs/helper-wasm-bytecode@https://registry.npmjs.org/@webassemblyjs/helper-wasm-bytecode/-/helper-wasm-bytecode-1.13.2.tgz 0ms (cache hit)
288 http cache @webassemblyjs/helper-numbers@https://registry.npmjs.org/@webassemblyjs/helper-numbers/-/helper-numbers-1.13.2.tgz 0ms (cache hit)
289 http cache @vitejs/plugin-react@https://registry.npmjs.org/@vitejs/plugin-react/-/plugin-react-6.0.2.tgz 0ms (cache hit)
290 http cache @webassemblyjs/helper-buffer@https://registry.npmjs.org/@webassemblyjs/helper-buffer/-/helper-buffer-1.14.1.tgz 0ms (cache hit)
291 http cache @vitejs/plugin-rsc@https://registry.npmjs.org/@vitejs/plugin-rsc/-/plugin-rsc-0.5.26.tgz 0ms (cache hit)
292 http cache @unpic/react@https://registry.npmjs.org/@unpic/react/-/react-1.0.2.tgz 1ms (cache hit)
293 http cache @webassemblyjs/helper-api-error@https://registry.npmjs.org/@webassemblyjs/helper-api-error/-/helper-api-error-1.13.2.tgz 0ms (cache hit)
294 http cache @webassemblyjs/floating-point-hex-parser@https://registry.npmjs.org/@webassemblyjs/floating-point-hex-parser/-/floating-point-hex-parser-1.13.2.tgz 0ms (cache hit)
295 http cache @webassemblyjs/ast@https://registry.npmjs.org/@webassemblyjs/ast/-/ast-1.14.1.tgz 0ms (cache hit)
296 http cache @types/eslint-scope@https://registry.npmjs.org/@types/eslint-scope/-/eslint-scope-3.7.7.tgz 0ms (cache hit)
297 http cache @tybys/wasm-util@https://registry.npmjs.org/@tybys/wasm-util/-/wasm-util-0.10.2.tgz 0ms (cache hit)
298 http cache @unpic/core@https://registry.npmjs.org/@unpic/core/-/core-1.0.3.tgz 0ms (cache hit)
299 http cache @types/eslint@https://registry.npmjs.org/@types/eslint/-/eslint-9.6.1.tgz 0ms (cache hit)
300 http cache @speed-highlight/core@https://registry.npmjs.org/@speed-highlight/core/-/core-1.2.15.tgz 0ms (cache hit)
301 http cache @rolldown/pluginutils@https://registry.npmjs.org/@rolldown/pluginutils/-/pluginutils-1.0.1.tgz 0ms (cache hit)
302 http cache @vercel/og@https://registry.npmjs.org/@vercel/og/-/og-0.8.6.tgz 0ms (cache hit)
303 http cache @sindresorhus/is@https://registry.npmjs.org/@sindresorhus/is/-/is-7.2.0.tgz 0ms (cache hit)
304 http cache @shuding/opentype.js@https://registry.npmjs.org/@shuding/opentype.js/-/opentype.js-1.4.0-beta.0.tgz 0ms (cache hit)
305 http cache @payloadcms/storage-r2@https://registry.npmjs.org/@payloadcms/storage-r2/-/storage-r2-3.87.0.tgz 0ms (cache hit)
306 http cache @rolldown/binding-win32-x64-msvc@https://registry.npmjs.org/@rolldown/binding-win32-x64-msvc/-/binding-win32-x64-msvc-1.0.1.tgz 0ms (cache hit)
307 http cache @resvg/resvg-wasm@https://registry.npmjs.org/@resvg/resvg-wasm/-/resvg-wasm-2.4.0.tgz 0ms (cache hit)
308 http cache @poppinss/dumper@https://registry.npmjs.org/@poppinss/dumper/-/dumper-0.6.5.tgz 0ms (cache hit)
309 http cache @payloadcms/drizzle@https://registry.npmjs.org/@payloadcms/drizzle/-/drizzle-3.87.0.tgz 0ms (cache hit)
310 http cache @poppinss/colors@https://registry.npmjs.org/@poppinss/colors/-/colors-4.1.6.tgz 0ms (cache hit)
311 http cache @payloadcms/db-d1-sqlite@https://registry.npmjs.org/@payloadcms/db-d1-sqlite/-/db-d1-sqlite-3.87.0.tgz 0ms (cache hit)
312 http cache @poppinss/exception@https://registry.npmjs.org/@poppinss/exception/-/exception-1.2.3.tgz 0ms (cache hit)
313 http cache @jridgewell/source-map@https://registry.npmjs.org/@jridgewell/source-map/-/source-map-0.3.11.tgz 0ms (cache hit)
314 http cache @esbuild-kit/esm-loader@https://registry.npmjs.org/@esbuild-kit/esm-loader/-/esm-loader-2.6.5.tgz 0ms (cache hit)
315 http cache @esbuild-kit/core-utils@https://registry.npmjs.org/@esbuild-kit/core-utils/-/core-utils-3.3.2.tgz 1ms (cache hit)
316 http cache @oxc-project/types@https://registry.npmjs.org/@oxc-project/types/-/types-0.130.0.tgz 0ms (cache hit)
317 http cache @drizzle-team/brocli@https://registry.npmjs.org/@drizzle-team/brocli/-/brocli-0.10.2.tgz 0ms (cache hit)
318 http cache @emnapi/core@https://registry.npmjs.org/@emnapi/core/-/core-1.10.0.tgz 0ms (cache hit)
319 http cache @cloudflare/workerd-windows-64@https://registry.npmjs.org/@cloudflare/workerd-windows-64/-/workerd-windows-64-1.20260515.1.tgz 0ms (cache hit)
320 http cache @cspotcode/source-map-support@https://registry.npmjs.org/@cspotcode/source-map-support/-/source-map-support-0.8.1.tgz 0ms (cache hit)
321 http cache @cloudflare/vite-plugin@https://registry.npmjs.org/@cloudflare/vite-plugin/-/vite-plugin-1.37.1.tgz 0ms (cache hit)
322 http cache @emnapi/wasi-threads@https://registry.npmjs.org/@emnapi/wasi-threads/-/wasi-threads-1.2.1.tgz 0ms (cache hit)
323 http cache @cloudflare/workers-types@https://registry.npmjs.org/@cloudflare/workers-types/-/workers-types-4.20260702.1.tgz 0ms (cache hit)
324 http cache @cloudflare/kv-asset-handler@https://registry.npmjs.org/@cloudflare/kv-asset-handler/-/kv-asset-handler-0.5.0.tgz 0ms (cache hit)
325 http cache @babel/helpers@https://registry.npmjs.org/@babel/helpers/-/helpers-7.29.2.tgz 0ms (cache hit)
326 http cache @babel/helper-module-transforms@https://registry.npmjs.org/@babel/helper-module-transforms/-/helper-module-transforms-7.28.6.tgz 0ms (cache hit)
327 http cache @cloudflare/unenv-preset@https://registry.npmjs.org/@cloudflare/unenv-preset/-/unenv-preset-2.16.1.tgz 0ms (cache hit)
328 http cache yjs@https://registry.npmjs.org/yjs/-/yjs-13.6.31.tgz 0ms (cache hit)
329 http cache @babel/core@https://registry.npmjs.org/@babel/core/-/core-7.29.0.tgz 0ms (cache hit)
330 http cache @babel/helper-validator-option@https://registry.npmjs.org/@babel/helper-validator-option/-/helper-validator-option-7.27.1.tgz 0ms (cache hit)
331 http cache @babel/helper-compilation-targets@https://registry.npmjs.org/@babel/helper-compilation-targets/-/helper-compilation-targets-7.28.6.tgz 0ms (cache hit)
332 http cache sharp@https://registry.npmjs.org/sharp/-/sharp-0.34.5.tgz 0ms (cache hit)
333 http cache @babel/compat-data@https://registry.npmjs.org/@babel/compat-data/-/compat-data-7.29.3.tgz 0ms (cache hit)
334 http cache react-dom@https://registry.npmjs.org/react-dom/-/react-dom-19.2.6.tgz 0ms (cache hit)
335 http cache source-map@https://registry.npmjs.org/source-map/-/source-map-0.6.1.tgz 0ms (cache hit)
336 http cache react@https://registry.npmjs.org/react/-/react-19.2.6.tgz 0ms (cache hit)
337 http cache eslint-plugin-react-hooks@https://registry.npmjs.org/eslint-plugin-react-hooks/-/eslint-plugin-react-hooks-7.1.1.tgz 0ms (cache hit)
338 http cache @typescript-eslint/utils@https://registry.npmjs.org/@typescript-eslint/utils/-/utils-8.59.3.tgz 0ms (cache hit)
339 http cache @typescript-eslint/visitor-keys@https://registry.npmjs.org/@typescript-eslint/visitor-keys/-/visitor-keys-8.59.3.tgz 0ms (cache hit)
340 http cache ajv-formats@https://registry.npmjs.org/ajv-formats/-/ajv-formats-2.1.1.tgz 0ms (cache hit)
341 http cache eslint-config-next@https://registry.npmjs.org/eslint-config-next/-/eslint-config-next-16.2.6.tgz 0ms (cache hit)
342 http cache @typescript-eslint/types@https://registry.npmjs.org/@typescript-eslint/types/-/types-8.59.3.tgz 0ms (cache hit)
343 http cache @typescript-eslint/typescript-estree@https://registry.npmjs.org/@typescript-eslint/typescript-estree/-/typescript-estree-8.59.3.tgz 0ms (cache hit)
344 http cache @typescript-eslint/type-utils@https://registry.npmjs.org/@typescript-eslint/type-utils/-/type-utils-8.59.3.tgz 0ms (cache hit)
345 http cache @typescript-eslint/scope-manager@https://registry.npmjs.org/@typescript-eslint/scope-manager/-/scope-manager-8.59.3.tgz 0ms (cache hit)
346 http cache @typescript-eslint/tsconfig-utils@https://registry.npmjs.org/@typescript-eslint/tsconfig-utils/-/tsconfig-utils-8.59.3.tgz 0ms (cache hit)
347 http cache @next/swc-win32-x64-msvc@https://registry.npmjs.org/@next/swc-win32-x64-msvc/-/swc-win32-x64-msvc-16.2.6.tgz 0ms (cache hit)
348 http cache @next/eslint-plugin-next@https://registry.npmjs.org/@next/eslint-plugin-next/-/eslint-plugin-next-16.2.6.tgz 1ms (cache hit)
349 http cache @typescript-eslint/project-service@https://registry.npmjs.org/@typescript-eslint/project-service/-/project-service-8.59.3.tgz 0ms (cache hit)
350 http cache @typescript-eslint/parser@https://registry.npmjs.org/@typescript-eslint/parser/-/parser-8.59.3.tgz 0ms (cache hit)
351 http cache @typescript-eslint/eslint-plugin@https://registry.npmjs.org/@typescript-eslint/eslint-plugin/-/eslint-plugin-8.59.3.tgz 0ms (cache hit)
352 http cache @next/env@https://registry.npmjs.org/@next/env/-/env-16.2.6.tgz 0ms (cache hit)
353 http cache glob-parent@https://registry.npmjs.org/glob-parent/-/glob-parent-5.1.2.tgz 0ms (cache hit)
354 http cache estraverse@https://registry.npmjs.org/estraverse/-/estraverse-4.3.0.tgz 0ms (cache hit)
355 http cache @esbuild/win32-x64@https://registry.npmjs.org/@esbuild/win32-x64/-/win32-x64-0.27.3.tgz 0ms (cache hit)
356 http cache esbuild@https://registry.npmjs.org/esbuild/-/esbuild-0.27.3.tgz 0ms (cache hit)
357 http cache es-module-lexer@https://registry.npmjs.org/es-module-lexer/-/es-module-lexer-1.7.0.tgz 0ms (cache hit)
358 http cache fast-glob@https://registry.npmjs.org/fast-glob/-/fast-glob-3.3.3.tgz 0ms (cache hit)
359 http cache picomatch@https://registry.npmjs.org/picomatch/-/picomatch-4.0.4.tgz 0ms (cache hit)
360 http cache eslint-scope@https://registry.npmjs.org/eslint-scope/-/eslint-scope-5.1.1.tgz 0ms (cache hit)
361 http cache js-tokens@https://registry.npmjs.org/js-tokens/-/js-tokens-9.0.1.tgz 0ms (cache hit)
362 http cache lightningcss@https://registry.npmjs.org/lightningcss/-/lightningcss-1.32.0.tgz 0ms (cache hit)
363 http cache supports-color@https://registry.npmjs.org/supports-color/-/supports-color-8.1.1.tgz 0ms (cache hit)
364 http cache lightningcss-win32-x64-msvc@https://registry.npmjs.org/lightningcss-win32-x64-msvc/-/lightningcss-win32-x64-msvc-1.32.0.tgz 0ms (cache hit)
365 http cache json-schema-traverse@https://registry.npmjs.org/json-schema-traverse/-/json-schema-traverse-1.0.0.tgz 0ms (cache hit)
366 http cache ajv@https://registry.npmjs.org/ajv/-/ajv-8.20.0.tgz 0ms (cache hit)
367 http cache esbuild@https://registry.npmjs.org/esbuild/-/esbuild-0.25.12.tgz 0ms (cache hit)
368 http cache @esbuild/win32-x64@https://registry.npmjs.org/@esbuild/win32-x64/-/win32-x64-0.25.12.tgz 0ms (cache hit)
369 http cache ajv-keywords@https://registry.npmjs.org/ajv-keywords/-/ajv-keywords-5.1.0.tgz 0ms (cache hit)
370 http cache @rolldown/pluginutils@https://registry.npmjs.org/@rolldown/pluginutils/-/pluginutils-1.0.0-rc.18.tgz 0ms (cache hit)
371 http cache esbuild@https://registry.npmjs.org/esbuild/-/esbuild-0.18.20.tgz 0ms (cache hit)
372 http cache supports-color@https://registry.npmjs.org/supports-color/-/supports-color-10.2.2.tgz 0ms (cache hit)
373 http cache drizzle-kit@https://registry.npmjs.org/drizzle-kit/-/drizzle-kit-0.31.7.tgz 0ms (cache hit)
374 http cache esbuild@https://registry.npmjs.org/esbuild/-/esbuild-0.25.12.tgz 1ms (cache hit)
375 http cache globals@https://registry.npmjs.org/globals/-/globals-16.4.0.tgz 0ms (cache hit)
376 http cache @esbuild/win32-x64@https://registry.npmjs.org/@esbuild/win32-x64/-/win32-x64-0.25.12.tgz 0ms (cache hit)
377 http cache @esbuild/win32-x64@https://registry.npmjs.org/@esbuild/win32-x64/-/win32-x64-0.18.20.tgz 0ms (cache hit)
378 http cache @jridgewell/trace-mapping@https://registry.npmjs.org/@jridgewell/trace-mapping/-/trace-mapping-0.3.9.tgz 0ms (cache hit)
379 http cache minimatch@https://registry.npmjs.org/minimatch/-/minimatch-10.2.5.tgz 0ms (cache hit)
380 http cache ignore@https://registry.npmjs.org/ignore/-/ignore-7.0.5.tgz 0ms (cache hit)
381 http cache yaml@https://registry.npmjs.org/yaml/-/yaml-1.10.3.tgz 0ms (cache hit)
382 http cache semver@https://registry.npmjs.org/semver/-/semver-7.8.0.tgz 0ms (cache hit)
383 http cache brace-expansion@https://registry.npmjs.org/brace-expansion/-/brace-expansion-5.0.6.tgz 0ms (cache hit)
384 http cache source-map@https://registry.npmjs.org/source-map/-/source-map-0.5.7.tgz 0ms (cache hit)
385 warn deprecated @esbuild-kit/esm-loader@2.6.5: Merged into tsx: https://tsx.is
386 warn deprecated @esbuild-kit/core-utils@3.3.2: Merged into tsx: https://tsx.is
387 info run sharp@0.34.5 install node_modules/sharp node install/check.js || npm run build
388 info run sharp@0.34.5 install { code: 0, signal: null }
389 info run workerd@1.20260515.1 postinstall node_modules/workerd node install.js
390 info run esbuild@0.18.20 postinstall node_modules/@esbuild-kit/core-utils/node_modules/esbuild node install.js
391 info run esbuild@0.25.12 postinstall node_modules/@payloadcms/db-d1-sqlite/node_modules/esbuild node install.js
392 info run esbuild@0.25.12 postinstall node_modules/drizzle-kit/node_modules/esbuild node install.js
393 info run esbuild@0.27.3 postinstall node_modules/wrangler/node_modules/esbuild node install.js
394 info run esbuild@0.25.12 postinstall { code: 0, signal: null }
395 info run esbuild@0.25.12 postinstall { code: 0, signal: null }
396 info run esbuild@0.27.3 postinstall { code: 0, signal: null }
397 info run workerd@1.20260515.1 postinstall { code: 0, signal: null }
398 info run esbuild@0.18.20 postinstall { code: 0, signal: null }
399 warn cleanup Failed to remove some directories [
399 warn cleanup   [
399 warn cleanup     'C:\\Users\\Devin Keehner\\Projects\\YPAA Website\\NECYPAA XXXVI\\node_modules\\@next\\.swc-win32-x64-msvc-IUgKUxL6',
399 warn cleanup     [Error: EPERM: operation not permitted, unlink 'C:\Users\Devin Keehner\Projects\YPAA Website\NECYPAA XXXVI\node_modules\@next\.swc-win32-x64-msvc-IUgKUxL6\next-swc.win32-x64-msvc.node'] {
399 warn cleanup       errno: -4048,
399 warn cleanup       code: 'EPERM',
399 warn cleanup       syscall: 'unlink',
399 warn cleanup       path: 'C:\\Users\\Devin Keehner\\Projects\\YPAA Website\\NECYPAA XXXVI\\node_modules\\@next\\.swc-win32-x64-msvc-IUgKUxL6\\next-swc.win32-x64-msvc.node'
399 warn cleanup     }
399 warn cleanup   ]
399 warn cleanup ]
400 silly ADD node_modules/zod-validation-error
401 silly ADD node_modules/youch-core
402 silly ADD node_modules/youch
403 silly ADD node_modules/yoga-layout
404 silly ADD node_modules/yallist
405 silly ADD node_modules/wrangler
406 silly ADD node_modules/wrangler/node_modules/esbuild
407 silly ADD node_modules/wrangler/node_modules/@esbuild/win32-x64
408 silly ADD node_modules/workerd
409 silly ADD node_modules/webpack-sources
410 silly ADD node_modules/webpack
411 silly ADD node_modules/webpack/node_modules/estraverse
412 silly ADD node_modules/webpack/node_modules/eslint-scope
413 silly ADD node_modules/web-vitals
414 silly ADD node_modules/watchpack
415 silly ADD node_modules/vitefu
416 silly ADD node_modules/vite-tsconfig-paths
417 silly ADD node_modules/vite-plugin-dynamic-import
418 silly ADD node_modules/vite-plugin-dynamic-import/node_modules/glob-parent
419 silly ADD node_modules/vite-plugin-dynamic-import/node_modules/fast-glob
420 silly ADD node_modules/vite-plugin-dynamic-import/node_modules/es-module-lexer
421 silly ADD node_modules/vite-plugin-commonjs
422 silly ADD node_modules/vite
423 silly ADD node_modules/vite/node_modules/picomatch
424 silly ADD node_modules/vite/node_modules/lightningcss-win32-x64-msvc
425 silly ADD node_modules/vite/node_modules/lightningcss
426 silly ADD node_modules/vinext
427 silly ADD node_modules/update-browserslist-db
428 silly ADD node_modules/unpic
429 silly ADD node_modules/unicode-trie
430 silly ADD node_modules/unenv
431 silly ADD node_modules/undici
432 silly ADD node_modules/typescript-eslint
433 silly ADD node_modules/turbo-stream
434 silly ADD node_modules/tsconfck
435 silly ADD node_modules/to-space-case
436 silly ADD node_modules/to-snake-case
437 silly ADD node_modules/to-no-case
438 silly ADD node_modules/tiny-inflate
439 silly ADD node_modules/terser-webpack-plugin
440 silly ADD node_modules/terser
441 silly ADD node_modules/strip-literal
442 silly ADD node_modules/strip-literal/node_modules/js-tokens
443 silly ADD node_modules/string.prototype.codepointat
444 silly ADD node_modules/srvx
445 silly ADD node_modules/source-map-support
446 silly ADD node_modules/schema-utils
447 silly ADD node_modules/schema-utils/node_modules/json-schema-traverse
448 silly ADD node_modules/schema-utils/node_modules/ajv-keywords
449 silly ADD node_modules/schema-utils/node_modules/ajv
450 silly ADD node_modules/satori
451 silly ADD node_modules/rolldown
452 silly ADD node_modules/react-server-dom-webpack
453 silly ADD node_modules/postcss-value-parser
454 silly ADD node_modules/pathe
455 silly ADD node_modules/parse-css-color
456 silly ADD node_modules/pako
457 silly ADD node_modules/node-releases
458 silly ADD node_modules/neo-async
459 silly ADD node_modules/miniflare
460 silly ADD node_modules/merge-stream
461 silly ADD node_modules/lru-cache
462 silly ADD node_modules/loader-runner
463 silly ADD node_modules/linebreak
464 silly ADD node_modules/kleur
465 silly ADD node_modules/json5
466 silly ADD node_modules/jest-worker
467 silly ADD node_modules/jest-worker/node_modules/supports-color
468 silly ADD node_modules/ipaddr.js
469 silly ADD node_modules/image-size
470 silly ADD node_modules/hex-rgb
471 silly ADD node_modules/hermes-parser
472 silly ADD node_modules/hermes-estree
473 silly ADD node_modules/globrex
474 silly ADD node_modules/glob-to-regexp
475 silly ADD node_modules/gensync
476 silly ADD node_modules/fflate
477 silly ADD node_modules/estree-walker
478 silly ADD node_modules/escalade
479 silly ADD node_modules/esbuild-register
480 silly ADD node_modules/es-module-lexer
481 silly ADD node_modules/error-stack-parser-es
482 silly ADD node_modules/emoji-regex-xs
483 silly ADD node_modules/electron-to-chromium
484 silly ADD node_modules/drizzle-orm
485 silly ADD node_modules/drizzle-kit
486 silly ADD node_modules/drizzle-kit/node_modules/esbuild
487 silly ADD node_modules/drizzle-kit/node_modules/@esbuild/win32-x64
488 silly ADD node_modules/css-to-react-native
489 silly ADD node_modules/css-gradient-parser
490 silly ADD node_modules/css-color-keywords
491 silly ADD node_modules/css-box-shadow
492 silly ADD node_modules/css-background-parser
493 silly ADD node_modules/cookie
494 silly ADD node_modules/convert-source-map
495 silly ADD node_modules/chrome-trace-event
496 silly ADD node_modules/camelize
497 silly ADD node_modules/buffer-from
498 silly ADD node_modules/browserslist
499 silly ADD node_modules/blake3-wasm
500 silly ADD node_modules/baseline-browser-mapping
501 silly ADD node_modules/base64-js
502 silly ADD node_modules/acorn-loose
503 silly ADD node_modules/acorn-import-phases
504 silly ADD node_modules/@xtuc/long
505 silly ADD node_modules/@xtuc/ieee754
506 silly ADD node_modules/@webassemblyjs/wast-printer
507 silly ADD node_modules/@webassemblyjs/wasm-parser
508 silly ADD node_modules/@webassemblyjs/wasm-opt
509 silly ADD node_modules/@webassemblyjs/wasm-gen
510 silly ADD node_modules/@webassemblyjs/wasm-edit
511 silly ADD node_modules/@webassemblyjs/utf8
512 silly ADD node_modules/@webassemblyjs/leb128
513 silly ADD node_modules/@webassemblyjs/ieee754
514 silly ADD node_modules/@webassemblyjs/helper-wasm-section
515 silly ADD node_modules/@webassemblyjs/helper-wasm-bytecode
516 silly ADD node_modules/@webassemblyjs/helper-numbers
517 silly ADD node_modules/@webassemblyjs/helper-buffer
518 silly ADD node_modules/@webassemblyjs/helper-api-error
519 silly ADD node_modules/@webassemblyjs/floating-point-hex-parser
520 silly ADD node_modules/@webassemblyjs/ast
521 silly ADD node_modules/@vitejs/plugin-rsc
522 silly ADD node_modules/@vitejs/plugin-rsc/node_modules/@rolldown/pluginutils
523 silly ADD node_modules/@vitejs/plugin-react
524 silly ADD node_modules/@vercel/og
525 silly ADD node_modules/@unpic/react
526 silly ADD node_modules/@unpic/core
527 silly ADD node_modules/@types/eslint-scope
528 silly ADD node_modules/@types/eslint
529 silly ADD node_modules/@tybys/wasm-util
530 silly ADD node_modules/@speed-highlight/core
531 silly ADD node_modules/@sindresorhus/is
532 silly ADD node_modules/@shuding/opentype.js
533 silly ADD node_modules/@rolldown/pluginutils
534 silly ADD node_modules/@rolldown/binding-win32-x64-msvc
535 silly ADD node_modules/@resvg/resvg-wasm
536 silly ADD node_modules/@poppinss/exception
537 silly ADD node_modules/@poppinss/dumper
538 silly ADD node_modules/@poppinss/dumper/node_modules/supports-color
539 silly ADD node_modules/@poppinss/colors
540 silly ADD node_modules/@payloadcms/storage-r2
541 silly ADD node_modules/@payloadcms/drizzle
542 silly ADD node_modules/@payloadcms/db-d1-sqlite
543 silly ADD node_modules/@payloadcms/db-d1-sqlite/node_modules/esbuild
544 silly ADD node_modules/@payloadcms/db-d1-sqlite/node_modules/drizzle-kit
545 silly ADD node_modules/@payloadcms/db-d1-sqlite/node_modules/@esbuild/win32-x64
546 silly ADD node_modules/@oxc-project/types
547 silly ADD node_modules/@jridgewell/source-map
548 silly ADD node_modules/@esbuild-kit/esm-loader
549 silly ADD node_modules/@esbuild-kit/core-utils
550 silly ADD node_modules/@esbuild-kit/core-utils/node_modules/esbuild
551 silly ADD node_modules/@esbuild-kit/core-utils/node_modules/@esbuild/win32-x64
552 silly ADD node_modules/@emnapi/wasi-threads
553 silly ADD node_modules/@emnapi/core
554 silly ADD node_modules/@drizzle-team/brocli
555 silly ADD node_modules/@cspotcode/source-map-support
556 silly ADD node_modules/@cspotcode/source-map-support/node_modules/@jridgewell/trace-mapping
557 silly ADD node_modules/@cloudflare/workers-types
558 silly ADD node_modules/@cloudflare/workerd-windows-64
559 silly ADD node_modules/@cloudflare/vite-plugin
560 silly ADD node_modules/@cloudflare/unenv-preset
561 silly ADD node_modules/@cloudflare/kv-asset-handler
562 silly ADD node_modules/@babel/helpers
563 silly ADD node_modules/@babel/helper-validator-option
564 silly ADD node_modules/@babel/helper-module-transforms
565 silly ADD node_modules/@babel/helper-compilation-targets
566 silly ADD node_modules/@babel/core
567 silly ADD node_modules/@babel/compat-data
568 silly REMOVE node_modules/zod-to-json-schema
569 silly CHANGE node_modules/yjs
570 silly REMOVE node_modules/yaml
571 silly REMOVE node_modules/whatwg-url
572 silly REMOVE node_modules/webidl-conversions
573 silly REMOVE node_modules/vary
574 silly REMOVE node_modules/util-deprecate
575 silly REMOVE node_modules/unpipe
576 silly REMOVE node_modules/type-is
577 silly REMOVE node_modules/type-is/node_modules/content-type
578 silly REMOVE node_modules/tunnel-agent
579 silly REMOVE node_modules/tr46
580 silly REMOVE node_modules/toidentifier
581 silly REMOVE node_modules/text-decoder
582 silly REMOVE node_modules/teex
583 silly REMOVE node_modules/tar-stream
584 silly REMOVE node_modules/tar-fs
585 silly REMOVE node_modules/string_decoder
586 silly REMOVE node_modules/streamx
587 silly REMOVE node_modules/stream-browserify
588 silly REMOVE node_modules/statuses
589 silly REMOVE node_modules/sparse-bitfield
590 silly CHANGE node_modules/source-map
591 silly REMOVE node_modules/simple-swizzle
592 silly REMOVE node_modules/simple-swizzle/node_modules/is-arrayish
593 silly REMOVE node_modules/simple-get
594 silly REMOVE node_modules/simple-concat
595 silly REMOVE node_modules/sift
596 silly CHANGE node_modules/sharp
597 silly REMOVE node_modules/setprototypeof
598 silly REMOVE node_modules/serve-static
599 silly REMOVE node_modules/send
600 silly REMOVE node_modules/safer-buffer
601 silly REMOVE node_modules/safe-buffer
602 silly REMOVE node_modules/router
603 silly REMOVE node_modules/router/node_modules/path-to-regexp
604 silly REMOVE node_modules/redis
605 silly REMOVE node_modules/readable-stream
606 silly CHANGE node_modules/react-dom
607 silly CHANGE node_modules/react
608 silly REMOVE node_modules/rc
609 silly REMOVE node_modules/rc/node_modules/strip-json-comments
610 silly REMOVE node_modules/raw-body
611 silly REMOVE node_modules/qs
612 silly REMOVE node_modules/proxy-addr
613 silly REMOVE node_modules/proxy-addr/node_modules/ipaddr.js
614 silly REMOVE node_modules/prebuild-install
615 silly REMOVE node_modules/prebuild-install/node_modules/tar-stream
616 silly REMOVE node_modules/prebuild-install/node_modules/tar-fs
617 silly REMOVE node_modules/pkce-challenge
618 silly REMOVE node_modules/parseurl
619 silly REMOVE node_modules/on-finished
620 silly REMOVE node_modules/node-addon-api
621 silly REMOVE node_modules/node-abi
622 silly REMOVE node_modules/node-abi/node_modules/semver
623 silly CHANGE node_modules/next
624 silly REMOVE node_modules/next/node_modules/sharp
625 silly REMOVE node_modules/next/node_modules/semver
626 silly REMOVE node_modules/negotiator
627 silly REMOVE node_modules/napi-build-utils
628 silly REMOVE node_modules/mquery
629 silly REMOVE node_modules/mpath
630 silly REMOVE node_modules/mongoose-paginate-v2
631 silly REMOVE node_modules/mongoose-lean-virtuals
632 silly REMOVE node_modules/mongoose-lean-virtuals/node_modules/mpath
633 silly REMOVE node_modules/mongoose
634 silly REMOVE node_modules/mongodb-connection-string-url
635 silly REMOVE node_modules/mongodb
636 silly REMOVE node_modules/mkdirp-classic
637 silly REMOVE node_modules/mimic-response
638 silly REMOVE node_modules/mime-types
639 silly REMOVE node_modules/merge-descriptors
640 silly REMOVE node_modules/memory-pager
641 silly REMOVE node_modules/media-typer
642 silly REMOVE node_modules/mcp-handler
643 silly REMOVE node_modules/mcp-handler/node_modules/commander
644 silly REMOVE node_modules/mcp-handler/node_modules/chalk
645 silly REMOVE node_modules/kareem
646 silly REMOVE node_modules/json-schema-typed
647 silly REMOVE node_modules/json-schema-to-zod
648 silly REMOVE node_modules/is-promise
649 silly REMOVE node_modules/ip-address
650 silly REMOVE node_modules/inherits
651 silly REMOVE node_modules/iconv-lite
652 silly REMOVE node_modules/http-errors
653 silly REMOVE node_modules/hono
654 silly REMOVE node_modules/github-from-package
655 silly REMOVE node_modules/generic-pool
656 silly REMOVE node_modules/fs-constants
657 silly REMOVE node_modules/fresh
658 silly REMOVE node_modules/forwarded
659 silly REMOVE node_modules/finalhandler
660 silly REMOVE node_modules/fast-fifo
661 silly REMOVE node_modules/express-rate-limit
662 silly REMOVE node_modules/express
663 silly REMOVE node_modules/express/node_modules/cookie
664 silly REMOVE node_modules/expand-template
665 silly REMOVE node_modules/eventsource-parser
666 silly REMOVE node_modules/eventsource
667 silly REMOVE node_modules/events-universal
668 silly REMOVE node_modules/etag
669 silly CHANGE node_modules/eslint-plugin-react-hooks
670 silly CHANGE node_modules/eslint-config-next
671 silly ADD node_modules/eslint-config-next/node_modules/globals
672 silly REMOVE node_modules/encodeurl
673 silly REMOVE node_modules/ee-first
674 silly REMOVE node_modules/depd
675 silly REMOVE node_modules/deep-extend
676 silly REMOVE node_modules/decompress-response
677 silly ADD node_modules/cosmiconfig/node_modules/yaml
678 silly REMOVE node_modules/cors
679 silly REMOVE node_modules/cookie-signature
680 silly REMOVE node_modules/content-type
681 silly REMOVE node_modules/content-disposition
682 silly REMOVE node_modules/color-string
683 silly REMOVE node_modules/color
684 silly REMOVE node_modules/cluster-key-slot
685 silly REMOVE node_modules/chownr
686 silly REMOVE node_modules/bytes
687 silly REMOVE node_modules/buffer
688 silly REMOVE node_modules/buffer/node_modules/base64-js
689 silly REMOVE node_modules/bson
690 silly REMOVE node_modules/bowser
691 silly REMOVE node_modules/body-parser
692 silly REMOVE node_modules/body-parser/node_modules/content-type
693 silly REMOVE node_modules/bl
694 silly REMOVE node_modules/bare-url
695 silly REMOVE node_modules/bare-stream
696 silly REMOVE node_modules/bare-path
697 silly REMOVE node_modules/bare-fs
698 silly REMOVE node_modules/bare-events
699 silly REMOVE node_modules/b4a
700 silly CHANGE node_modules/ajv-formats
701 silly REMOVE node_modules/accepts
702 silly CHANGE node_modules/@typescript-eslint/visitor-keys
703 silly CHANGE node_modules/@typescript-eslint/utils
704 silly CHANGE node_modules/@typescript-eslint/typescript-estree
705 silly CHANGE node_modules/@typescript-eslint/typescript-estree/node_modules/semver
706 silly CHANGE node_modules/@typescript-eslint/typescript-estree/node_modules/minimatch
707 silly CHANGE node_modules/@typescript-eslint/typescript-estree/node_modules/brace-expansion
708 silly CHANGE node_modules/@typescript-eslint/types
709 silly CHANGE node_modules/@typescript-eslint/type-utils
710 silly CHANGE node_modules/@typescript-eslint/tsconfig-utils
711 silly CHANGE node_modules/@typescript-eslint/scope-manager
712 silly CHANGE node_modules/@typescript-eslint/project-service
713 silly CHANGE node_modules/@typescript-eslint/parser
714 silly CHANGE node_modules/@typescript-eslint/eslint-plugin
715 silly CHANGE node_modules/@typescript-eslint/eslint-plugin/node_modules/ignore
716 silly REMOVE node_modules/@types/whatwg-url
717 silly REMOVE node_modules/@types/webidl-conversions
718 silly REMOVE node_modules/@swc/counter
719 silly REMOVE node_modules/@smithy/types
720 silly REMOVE node_modules/@smithy/signature-v4
721 silly REMOVE node_modules/@smithy/node-http-handler
722 silly REMOVE node_modules/@smithy/fetch-http-handler
723 silly REMOVE node_modules/@smithy/credential-provider-imds
724 silly REMOVE node_modules/@smithy/core
725 silly REMOVE node_modules/@rushstack/eslint-patch
726 silly REMOVE node_modules/@redis/time-series
727 silly REMOVE node_modules/@redis/search
728 silly REMOVE node_modules/@redis/json
729 silly REMOVE node_modules/@redis/graph
730 silly REMOVE node_modules/@redis/client
731 silly REMOVE node_modules/@redis/client/node_modules/yallist
732 silly REMOVE node_modules/@redis/bloom
733 silly REMOVE node_modules/@payloadcms/storage-s3
734 silly REMOVE node_modules/@payloadcms/plugin-mcp
735 silly REMOVE node_modules/@payloadcms/plugin-mcp/node_modules/zod
736 silly REMOVE node_modules/@payloadcms/plugin-mcp/node_modules/json-schema-traverse
737 silly REMOVE node_modules/@payloadcms/plugin-mcp/node_modules/jose
738 silly REMOVE node_modules/@payloadcms/plugin-mcp/node_modules/ajv
739 silly REMOVE node_modules/@payloadcms/plugin-mcp/node_modules/@modelcontextprotocol/sdk
740 silly REMOVE node_modules/@payloadcms/plugin-form-builder
741 silly REMOVE node_modules/@payloadcms/db-mongodb
742 silly CHANGE node_modules/@next/swc-win32-x64-msvc
743 silly CHANGE node_modules/@next/eslint-plugin-next
744 silly CHANGE node_modules/@next/env
745 silly REMOVE node_modules/@mongodb-js/saslprep
746 silly REMOVE node_modules/@modelcontextprotocol/sdk
747 silly REMOVE node_modules/@modelcontextprotocol/sdk/node_modules/json-schema-traverse
748 silly REMOVE node_modules/@modelcontextprotocol/sdk/node_modules/jose
749 silly REMOVE node_modules/@modelcontextprotocol/sdk/node_modules/ajv
750 silly REMOVE node_modules/@hono/node-server
751 silly ADD node_modules/@emotion/babel-plugin/node_modules/source-map
752 silly REMOVE node_modules/@aws/lambda-invoke-store
753 silly REMOVE node_modules/@aws-sdk/xml-builder
754 silly REMOVE node_modules/@aws-sdk/types
755 silly REMOVE node_modules/@aws-sdk/token-providers
756 silly REMOVE node_modules/@aws-sdk/signature-v4-multi-region
757 silly REMOVE node_modules/@aws-sdk/s3-request-presigner
758 silly REMOVE node_modules/@aws-sdk/nested-clients
759 silly REMOVE node_modules/@aws-sdk/middleware-sdk-s3
760 silly REMOVE node_modules/@aws-sdk/lib-storage
761 silly REMOVE node_modules/@aws-sdk/credential-provider-web-identity
762 silly REMOVE node_modules/@aws-sdk/credential-provider-sso
763 silly REMOVE node_modules/@aws-sdk/credential-provider-process
764 silly REMOVE node_modules/@aws-sdk/credential-provider-node
765 silly REMOVE node_modules/@aws-sdk/credential-provider-login
766 silly REMOVE node_modules/@aws-sdk/credential-provider-ini
767 silly REMOVE node_modules/@aws-sdk/credential-provider-http
768 silly REMOVE node_modules/@aws-sdk/credential-provider-env
769 silly REMOVE node_modules/@aws-sdk/core
770 silly REMOVE node_modules/@aws-sdk/client-s3
771 silly REMOVE node_modules/@aws-sdk/checksums
772 verbose cwd C:\Users\Devin Keehner\Projects\YPAA Website\NECYPAA XXXVI
773 verbose os Windows_NT 10.0.26200
774 verbose node v22.14.0
775 verbose npm  v11.9.0
776 verbose exit 0
777 info ok
