0 verbose cli C:\Program Files\nodejs\node.exe C:\Users\Devin Keehner\.npm-global\node_modules\npm\bin\npm-cli.js
1 info using npm@11.9.0
2 info using node@v22.14.0
3 silly config load:file:C:\Users\Devin Keehner\.npm-global\node_modules\npm\npmrc
4 silly config load:file:C:\Users\Devin Keehner\Projects\YPAA Website\NECYPAA XXXVI\.npmrc
5 silly config load:file:C:\Users\Devin Keehner\.npmrc
6 silly config load:file:C:\Users\Devin Keehner\.npm-global\etc\npmrc
7 verbose title npm install
8 verbose argv "install" "--ignore-scripts"
9 verbose logfile logs-max:10 dir:C:\Users\Devin Keehner\Projects\YPAA Website\NECYPAA XXXVI\.sites-runtime\npm-cache\_logs\2026-08-17T12_06_26_068Z-
10 verbose logfile C:\Users\Devin Keehner\Projects\YPAA Website\NECYPAA XXXVI\.sites-runtime\npm-cache\_logs\2026-08-17T12_06_26_068Z-debug-0.log
11 silly logfile start cleaning logs, removing 1 files
12 silly packumentCache heap:2197815296 maxSize:549453824 maxEntrySize:274726912
13 silly logfile done cleaning log files
14 silly idealTree buildDeps
15 silly fetch manifest @payloadcms/db-mongodb@3.87.0
16 silly packumentCache full:https://registry.npmjs.org/@payloadcms%2fdb-mongodb cache-miss
17 http fetch GET 200 https://registry.npmjs.org/@payloadcms%2fdb-mongodb 801ms (cache updated)
18 silly packumentCache full:https://registry.npmjs.org/@payloadcms%2fdb-mongodb set size:undefined disposed:false
19 silly fetch manifest payload@3.87.0
20 silly packumentCache full:https://registry.npmjs.org/payload cache-miss
21 http fetch GET 200 https://registry.npmjs.org/payload 259ms (cache updated)
22 silly packumentCache full:https://registry.npmjs.org/payload set size:undefined disposed:false
23 silly fetch manifest graphql@^16.8.1
24 silly packumentCache full:https://registry.npmjs.org/graphql cache-miss
25 http fetch GET 200 https://registry.npmjs.org/graphql 49ms (cache revalidated)
26 silly packumentCache full:https://registry.npmjs.org/graphql set size:886172 disposed:false
27 silly fetch manifest @payloadcms/storage-s3@3.87.0
28 silly packumentCache full:https://registry.npmjs.org/@payloadcms%2fstorage-s3 cache-miss
29 http fetch GET 200 https://registry.npmjs.org/@payloadcms%2fstorage-s3 340ms (cache updated)
30 silly packumentCache full:https://registry.npmjs.org/@payloadcms%2fstorage-s3 set size:undefined disposed:false
31 silly placeDep ROOT @payloadcms/db-mongodb@3.87.0 OK for: necypaa-xxxvi@0.1.0 want: 3.87.0
32 silly placeDep ROOT @payloadcms/storage-s3@3.87.0 OK for: necypaa-xxxvi@0.1.0 want: 3.87.0
33 silly fetch manifest mongoose@8.22.1
34 silly packumentCache full:https://registry.npmjs.org/mongoose cache-miss
35 silly fetch manifest mongoose-paginate-v2@1.9.4
36 silly packumentCache full:https://registry.npmjs.org/mongoose-paginate-v2 cache-miss
37 silly fetch manifest @aws-sdk/client-s3@^3.614.0
38 silly packumentCache full:https://registry.npmjs.org/@aws-sdk%2fclient-s3 cache-miss
39 silly fetch manifest @aws-sdk/lib-storage@^3.614.0
40 silly packumentCache full:https://registry.npmjs.org/@aws-sdk%2flib-storage cache-miss
41 silly fetch manifest @aws-sdk/s3-request-presigner@^3.614.0
42 silly packumentCache full:https://registry.npmjs.org/@aws-sdk%2fs3-request-presigner cache-miss
43 http fetch GET 200 https://registry.npmjs.org/@aws-sdk%2fclient-s3 133ms (cache updated)
44 silly packumentCache full:https://registry.npmjs.org/@aws-sdk%2fclient-s3 set size:undefined disposed:false
45 http fetch GET 200 https://registry.npmjs.org/mongoose-paginate-v2 228ms (cache revalidated)
46 silly packumentCache full:https://registry.npmjs.org/mongoose-paginate-v2 set size:261071 disposed:false
47 http fetch GET 200 https://registry.npmjs.org/mongoose 306ms (cache updated)
48 silly packumentCache full:https://registry.npmjs.org/mongoose set size:undefined disposed:false
49 http fetch GET 200 https://registry.npmjs.org/@aws-sdk%2flib-storage 427ms (cache updated)
50 silly packumentCache full:https://registry.npmjs.org/@aws-sdk%2flib-storage set size:undefined disposed:false
51 http fetch GET 200 https://registry.npmjs.org/@aws-sdk%2fs3-request-presigner 1137ms (cache updated)
52 silly packumentCache full:https://registry.npmjs.org/@aws-sdk%2fs3-request-presigner set size:undefined disposed:false
53 silly placeDep ROOT mongoose@8.22.1 OK for: @payloadcms/db-mongodb@3.87.0 want: 8.22.1
54 silly placeDep ROOT mongoose-paginate-v2@1.9.4 OK for: @payloadcms/db-mongodb@3.87.0 want: 1.9.4
55 silly fetch manifest bson@^6.10.4
56 silly packumentCache full:https://registry.npmjs.org/bson cache-miss
57 silly fetch manifest sift@17.1.3
58 silly packumentCache full:https://registry.npmjs.org/sift cache-miss
59 silly fetch manifest mpath@0.9.0
60 silly packumentCache full:https://registry.npmjs.org/mpath cache-miss
61 silly fetch manifest kareem@2.6.3
62 silly packumentCache full:https://registry.npmjs.org/kareem cache-miss
63 silly fetch manifest mquery@5.0.0
64 silly packumentCache full:https://registry.npmjs.org/mquery cache-miss
65 silly fetch manifest mongodb@~6.20.0
66 silly packumentCache full:https://registry.npmjs.org/mongodb cache-miss
67 silly fetch manifest mongoose-lean-virtuals@^1.1.0
68 silly packumentCache full:https://registry.npmjs.org/mongoose-lean-virtuals cache-miss
69 http fetch GET 200 https://registry.npmjs.org/kareem 136ms (cache revalidated)
70 silly packumentCache full:https://registry.npmjs.org/kareem set size:117935 disposed:false
71 http fetch GET 200 https://registry.npmjs.org/mpath 139ms (cache revalidated)
72 silly packumentCache full:https://registry.npmjs.org/mpath set size:50773 disposed:false
73 http fetch GET 200 https://registry.npmjs.org/sift 156ms (cache revalidated)
74 silly packumentCache full:https://registry.npmjs.org/sift set size:398463 disposed:false
75 http fetch GET 200 https://registry.npmjs.org/mquery 160ms (cache revalidated)
76 silly packumentCache full:https://registry.npmjs.org/mquery set size:172977 disposed:false
77 http fetch GET 200 https://registry.npmjs.org/bson 172ms (cache updated)
78 silly packumentCache full:https://registry.npmjs.org/bson set size:undefined disposed:false
79 http fetch GET 200 https://registry.npmjs.org/mongoose-lean-virtuals 199ms (cache revalidated)
80 silly packumentCache full:https://registry.npmjs.org/mongoose-lean-virtuals set size:139145 disposed:false
81 http fetch GET 200 https://registry.npmjs.org/mongodb 327ms (cache updated)
82 silly packumentCache full:https://registry.npmjs.org/mongodb set size:undefined disposed:false
83 silly placeDep ROOT @aws-sdk/client-s3@3.1111.0 OK for: @payloadcms/storage-s3@3.87.0 want: ^3.614.0
84 silly placeDep ROOT @aws-sdk/lib-storage@3.1111.0 OK for: @payloadcms/storage-s3@3.87.0 want: ^3.614.0
85 silly placeDep ROOT @aws-sdk/s3-request-presigner@3.1111.0 OK for: @payloadcms/storage-s3@3.87.0 want: ^3.614.0
86 silly fetch manifest @smithy/core@^3.31.1
87 silly packumentCache full:https://registry.npmjs.org/@smithy%2fcore cache-miss
88 silly fetch manifest @aws-sdk/core@^3.977.8
89 silly packumentCache full:https://registry.npmjs.org/@aws-sdk%2fcore cache-miss
90 silly fetch manifest @smithy/types@^4.16.1
91 silly packumentCache full:https://registry.npmjs.org/@smithy%2ftypes cache-miss
92 silly fetch manifest @aws-sdk/types@^3.974.4
93 silly packumentCache full:https://registry.npmjs.org/@aws-sdk%2ftypes cache-miss
94 silly fetch manifest @aws-sdk/checksums@^3.1000.28
95 silly packumentCache full:https://registry.npmjs.org/@aws-sdk%2fchecksums cache-miss
96 silly fetch manifest @smithy/node-http-handler@^4.9.13
97 silly packumentCache full:https://registry.npmjs.org/@smithy%2fnode-http-handler cache-miss
98 silly fetch manifest @aws-sdk/middleware-sdk-s3@^3.972.74
99 silly packumentCache full:https://registry.npmjs.org/@aws-sdk%2fmiddleware-sdk-s3 cache-miss
100 http fetch GET 200 https://registry.npmjs.org/@smithy%2ftypes 79ms (cache updated)
101 silly packumentCache full:https://registry.npmjs.org/@smithy%2ftypes set size:undefined disposed:false
102 silly fetch manifest @smithy/fetch-http-handler@^5.6.13
103 silly packumentCache full:https://registry.npmjs.org/@smithy%2ffetch-http-handler cache-miss
104 http fetch GET 200 https://registry.npmjs.org/@aws-sdk%2ftypes 94ms (cache updated)
105 silly packumentCache full:https://registry.npmjs.org/@aws-sdk%2ftypes set size:undefined disposed:false
106 silly fetch manifest @aws-sdk/credential-provider-node@^3.972.80
107 silly packumentCache full:https://registry.npmjs.org/@aws-sdk%2fcredential-provider-node cache-miss
108 http fetch GET 200 https://registry.npmjs.org/@smithy%2fcore 102ms (cache updated)
109 silly packumentCache full:https://registry.npmjs.org/@smithy%2fcore set size:undefined disposed:false
110 silly fetch manifest @aws-sdk/signature-v4-multi-region@^3.996.45
111 silly packumentCache full:https://registry.npmjs.org/@aws-sdk%2fsignature-v4-multi-region cache-miss
112 http fetch GET 200 https://registry.npmjs.org/@aws-sdk%2fcore 118ms (cache updated)
113 silly packumentCache full:https://registry.npmjs.org/@aws-sdk%2fcore set size:undefined disposed:false
114 silly fetch manifest buffer@5.6.0
115 silly packumentCache full:https://registry.npmjs.org/buffer cache-miss
116 http fetch GET 200 https://registry.npmjs.org/@aws-sdk%2fchecksums 171ms (cache updated)
117 silly packumentCache full:https://registry.npmjs.org/@aws-sdk%2fchecksums set size:undefined disposed:false
118 silly fetch manifest stream-browserify@3.0.0
119 silly packumentCache full:https://registry.npmjs.org/stream-browserify cache-miss
120 http fetch GET 200 https://registry.npmjs.org/buffer 51ms (cache revalidated)
121 silly packumentCache full:https://registry.npmjs.org/buffer set size:280480 disposed:false
122 silly fetch manifest @aws-sdk/signature-v4-multi-region@^3.996.45
123 silly packumentCache full:https://registry.npmjs.org/@aws-sdk%2fsignature-v4-multi-region cache-miss
124 http fetch GET 200 https://registry.npmjs.org/@smithy%2fnode-http-handler 191ms (cache updated)
125 silly packumentCache full:https://registry.npmjs.org/@smithy%2fnode-http-handler set size:undefined disposed:false
126 http fetch GET 200 https://registry.npmjs.org/@aws-sdk%2fsignature-v4-multi-region 112ms (cache updated)
127 silly packumentCache full:https://registry.npmjs.org/@aws-sdk%2fsignature-v4-multi-region set size:undefined disposed:false
128 http fetch GET 200 https://registry.npmjs.org/@aws-sdk%2fmiddleware-sdk-s3 236ms (cache updated)
129 silly packumentCache full:https://registry.npmjs.org/@aws-sdk%2fmiddleware-sdk-s3 set size:undefined disposed:false
130 http fetch GET 200 https://registry.npmjs.org/@aws-sdk%2fcredential-provider-node 151ms (cache updated)
131 silly packumentCache full:https://registry.npmjs.org/@aws-sdk%2fcredential-provider-node set size:undefined disposed:false
132 http fetch GET 200 https://registry.npmjs.org/@aws-sdk%2fsignature-v4-multi-region 104ms (cache updated)
133 silly packumentCache full:https://registry.npmjs.org/@aws-sdk%2fsignature-v4-multi-region set size:undefined disposed:false
134 http fetch GET 200 https://registry.npmjs.org/stream-browserify 153ms (cache revalidated)
135 silly packumentCache full:https://registry.npmjs.org/stream-browserify set size:31423 disposed:false
136 http fetch GET 200 https://registry.npmjs.org/@smithy%2ffetch-http-handler 252ms (cache updated)
137 silly packumentCache full:https://registry.npmjs.org/@smithy%2ffetch-http-handler set size:undefined disposed:false
138 silly placeDep ROOT @aws-sdk/checksums@3.1000.28 OK for: @aws-sdk/client-s3@3.1111.0 want: ^3.1000.28
139 silly placeDep ROOT @aws-sdk/core@3.977.8 OK for: @aws-sdk/client-s3@3.1111.0 want: ^3.977.8
140 silly placeDep ROOT @aws-sdk/credential-provider-node@3.972.80 OK for: @aws-sdk/client-s3@3.1111.0 want: ^3.972.80
141 silly placeDep ROOT @aws-sdk/middleware-sdk-s3@3.972.74 OK for: @aws-sdk/client-s3@3.1111.0 want: ^3.972.74
142 silly placeDep ROOT @aws-sdk/signature-v4-multi-region@3.996.45 OK for: @aws-sdk/client-s3@3.1111.0 want: ^3.996.45
143 silly placeDep ROOT @aws-sdk/types@3.974.4 OK for: @aws-sdk/client-s3@3.1111.0 want: ^3.974.4
144 silly placeDep ROOT @smithy/core@3.33.2 OK for: @aws-sdk/client-s3@3.1111.0 want: ^3.31.1
145 silly placeDep ROOT @smithy/fetch-http-handler@5.7.2 OK for: @aws-sdk/client-s3@3.1111.0 want: ^5.6.13
146 silly placeDep ROOT @smithy/node-http-handler@4.11.2 OK for: @aws-sdk/client-s3@3.1111.0 want: ^4.9.13
147 silly placeDep ROOT @smithy/types@4.17.2 OK for: @aws-sdk/client-s3@3.1111.0 want: ^4.16.1
148 silly fetch manifest bowser@^2.11.0
149 silly packumentCache full:https://registry.npmjs.org/bowser cache-miss
150 silly fetch manifest @aws-sdk/xml-builder@^3.972.39
151 silly packumentCache full:https://registry.npmjs.org/@aws-sdk%2fxml-builder cache-miss
152 silly fetch manifest @smithy/signature-v4@^5.6.12
153 silly packumentCache full:https://registry.npmjs.org/@smithy%2fsignature-v4 cache-miss
154 silly fetch manifest @aws/lambda-invoke-store@^0.3.0
155 silly packumentCache full:https://registry.npmjs.org/@aws%2flambda-invoke-store cache-miss
156 silly fetch manifest @aws-sdk/credential-provider-env@^3.972.69
157 silly packumentCache full:https://registry.npmjs.org/@aws-sdk%2fcredential-provider-env cache-miss
158 silly fetch manifest @aws-sdk/credential-provider-ini@^3.973.14
159 silly packumentCache full:https://registry.npmjs.org/@aws-sdk%2fcredential-provider-ini cache-miss
160 silly fetch manifest @aws-sdk/credential-provider-sso@^3.973.13
161 silly packumentCache full:https://registry.npmjs.org/@aws-sdk%2fcredential-provider-sso cache-miss
162 http fetch GET 200 https://registry.npmjs.org/bowser 48ms (cache revalidated)
163 silly packumentCache full:https://registry.npmjs.org/bowser set size:197673 disposed:false
164 silly fetch manifest @smithy/credential-provider-imds@^4.4.16
165 silly packumentCache full:https://registry.npmjs.org/@smithy%2fcredential-provider-imds cache-miss
166 http fetch GET 200 https://registry.npmjs.org/@aws%2flambda-invoke-store 62ms (cache revalidated)
167 silly packumentCache full:https://registry.npmjs.org/@aws%2flambda-invoke-store set size:43203 disposed:false
168 silly fetch manifest @aws-sdk/credential-provider-http@^3.972.71
169 silly packumentCache full:https://registry.npmjs.org/@aws-sdk%2fcredential-provider-http cache-miss
170 http fetch GET 200 https://registry.npmjs.org/@aws-sdk%2fxml-builder 78ms (cache updated)
171 silly packumentCache full:https://registry.npmjs.org/@aws-sdk%2fxml-builder set size:undefined disposed:false
172 silly fetch manifest @aws-sdk/credential-provider-process@^3.972.69
173 silly packumentCache full:https://registry.npmjs.org/@aws-sdk%2fcredential-provider-process cache-miss
174 http fetch GET 200 https://registry.npmjs.org/@aws-sdk%2fcredential-provider-env 123ms (cache updated)
175 silly packumentCache full:https://registry.npmjs.org/@aws-sdk%2fcredential-provider-env set size:undefined disposed:false
176 silly fetch manifest @aws-sdk/credential-provider-web-identity@^3.972.75
177 silly packumentCache full:https://registry.npmjs.org/@aws-sdk%2fcredential-provider-web-identity cache-miss
178 http fetch GET 200 https://registry.npmjs.org/@aws-sdk%2fcredential-provider-sso 152ms (cache updated)
179 silly packumentCache full:https://registry.npmjs.org/@aws-sdk%2fcredential-provider-sso set size:undefined disposed:false
180 silly fetch manifest @smithy/signature-v4@^5.6.12
181 silly packumentCache full:https://registry.npmjs.org/@smithy%2fsignature-v4 cache-miss
182 http fetch GET 200 https://registry.npmjs.org/@aws-sdk%2fcredential-provider-ini 180ms (cache updated)
183 silly packumentCache full:https://registry.npmjs.org/@aws-sdk%2fcredential-provider-ini set size:undefined disposed:false
184 silly fetch manifest @smithy/types@^4.17.2
185 silly packumentCache full:https://registry.npmjs.org/@smithy%2ftypes cache-miss
186 http fetch GET 200 https://registry.npmjs.org/@aws-sdk%2fcredential-provider-http 143ms (cache updated)
187 silly packumentCache full:https://registry.npmjs.org/@aws-sdk%2fcredential-provider-http set size:undefined disposed:false
188 silly fetch manifest @smithy/types@^4.17.2
189 silly packumentCache full:https://registry.npmjs.org/@smithy%2ftypes cache-miss
190 http fetch GET 200 https://registry.npmjs.org/@smithy%2fsignature-v4 223ms (cache updated)
191 silly packumentCache full:https://registry.npmjs.org/@smithy%2fsignature-v4 set size:undefined disposed:false
192 silly fetch manifest @smithy/types@^4.17.2
193 silly packumentCache full:https://registry.npmjs.org/@smithy%2ftypes cache-miss
194 http fetch GET 200 https://registry.npmjs.org/@smithy%2fcredential-provider-imds 186ms (cache updated)
195 silly packumentCache full:https://registry.npmjs.org/@smithy%2fcredential-provider-imds set size:undefined disposed:false
196 http cache https://registry.npmjs.org/@smithy%2ftypes 51ms (cache hit)
197 silly packumentCache full:https://registry.npmjs.org/@smithy%2ftypes set size:214764 disposed:false
198 http cache https://registry.npmjs.org/@smithy%2ftypes 42ms (cache hit)
199 silly packumentCache full:https://registry.npmjs.org/@smithy%2ftypes set size:214764 disposed:false
200 silly packumentCache full:https://registry.npmjs.org/@smithy%2ftypes dispose
201 http cache https://registry.npmjs.org/@smithy%2ftypes 40ms (cache hit)
202 silly packumentCache full:https://registry.npmjs.org/@smithy%2ftypes set size:214764 disposed:true
203 silly packumentCache full:https://registry.npmjs.org/@smithy%2ftypes dispose
204 http fetch GET 200 https://registry.npmjs.org/@smithy%2fsignature-v4 105ms (cache updated)
205 silly packumentCache full:https://registry.npmjs.org/@smithy%2fsignature-v4 set size:undefined disposed:false
206 http fetch GET 200 https://registry.npmjs.org/@aws-sdk%2fcredential-provider-web-identity 152ms (cache updated)
207 silly packumentCache full:https://registry.npmjs.org/@aws-sdk%2fcredential-provider-web-identity set size:undefined disposed:false
208 http fetch GET 200 https://registry.npmjs.org/@aws-sdk%2fcredential-provider-process 217ms (cache updated)
209 silly packumentCache full:https://registry.npmjs.org/@aws-sdk%2fcredential-provider-process set size:undefined disposed:false
210 silly placeDep ROOT @aws-sdk/xml-builder@3.972.39 OK for: @aws-sdk/core@3.977.8 want: ^3.972.39
211 silly placeDep ROOT @aws/lambda-invoke-store@0.3.0 OK for: @aws-sdk/core@3.977.8 want: ^0.3.0
212 silly placeDep ROOT @smithy/signature-v4@5.7.2 OK for: @aws-sdk/core@3.977.8 want: ^5.6.12
213 silly placeDep ROOT bowser@2.14.1 OK for: @aws-sdk/core@3.977.8 want: ^2.11.0
214 silly placeDep ROOT @aws-sdk/credential-provider-env@3.972.69 OK for: @aws-sdk/credential-provider-node@3.972.80 want: ^3.972.69
215 silly placeDep ROOT @aws-sdk/credential-provider-http@3.972.71 OK for: @aws-sdk/credential-provider-node@3.972.80 want: ^3.972.71
216 silly placeDep ROOT @aws-sdk/credential-provider-ini@3.973.14 OK for: @aws-sdk/credential-provider-node@3.972.80 want: ^3.973.14
217 silly placeDep ROOT @aws-sdk/credential-provider-process@3.972.69 OK for: @aws-sdk/credential-provider-node@3.972.80 want: ^3.972.69
218 silly placeDep ROOT @aws-sdk/credential-provider-sso@3.973.13 OK for: @aws-sdk/credential-provider-node@3.972.80 want: ^3.973.13
219 silly placeDep ROOT @aws-sdk/credential-provider-web-identity@3.972.75 OK for: @aws-sdk/credential-provider-node@3.972.80 want: ^3.972.75
220 silly placeDep ROOT @smithy/credential-provider-imds@4.5.2 OK for: @aws-sdk/credential-provider-node@3.972.80 want: ^4.4.16
221 silly fetch manifest @aws-sdk/nested-clients@^3.997.43
222 silly packumentCache full:https://registry.npmjs.org/@aws-sdk%2fnested-clients cache-miss
223 silly fetch manifest @aws-sdk/credential-provider-login@^3.972.76
224 silly packumentCache full:https://registry.npmjs.org/@aws-sdk%2fcredential-provider-login cache-miss
225 silly fetch manifest @aws-sdk/nested-clients@^3.997.43
226 silly packumentCache full:https://registry.npmjs.org/@aws-sdk%2fnested-clients cache-miss
227 silly fetch manifest @aws-sdk/token-providers@3.1111.0
228 silly packumentCache full:https://registry.npmjs.org/@aws-sdk%2ftoken-providers cache-miss
229 silly fetch manifest @aws-sdk/nested-clients@^3.997.43
230 silly packumentCache full:https://registry.npmjs.org/@aws-sdk%2fnested-clients cache-miss
231 http fetch GET 200 https://registry.npmjs.org/@aws-sdk%2fcredential-provider-login 61ms (cache updated)
232 silly packumentCache full:https://registry.npmjs.org/@aws-sdk%2fcredential-provider-login set size:undefined disposed:false
233 http fetch GET 200 https://registry.npmjs.org/@aws-sdk%2fnested-clients 107ms (cache updated)
234 silly packumentCache full:https://registry.npmjs.org/@aws-sdk%2fnested-clients set size:undefined disposed:false
235 http fetch GET 200 https://registry.npmjs.org/@aws-sdk%2fnested-clients 121ms (cache updated)
236 silly packumentCache full:https://registry.npmjs.org/@aws-sdk%2fnested-clients set size:undefined disposed:false
237 http fetch GET 200 https://registry.npmjs.org/@aws-sdk%2fnested-clients 127ms (cache updated)
238 silly packumentCache full:https://registry.npmjs.org/@aws-sdk%2fnested-clients set size:undefined disposed:false
239 http fetch GET 200 https://registry.npmjs.org/@aws-sdk%2ftoken-providers 141ms (cache updated)
240 silly packumentCache full:https://registry.npmjs.org/@aws-sdk%2ftoken-providers set size:undefined disposed:false
241 silly placeDep ROOT @aws-sdk/credential-provider-login@3.972.76 OK for: @aws-sdk/credential-provider-ini@3.973.14 want: ^3.972.76
242 silly placeDep ROOT @aws-sdk/nested-clients@3.997.43 OK for: @aws-sdk/credential-provider-ini@3.973.14 want: ^3.997.43
243 silly placeDep ROOT @aws-sdk/token-providers@3.1111.0 OK for: @aws-sdk/credential-provider-sso@3.973.13 want: 3.1111.0
244 silly placeDep ROOT buffer@5.6.0 OK for: @aws-sdk/lib-storage@3.1111.0 want: 5.6.0
245 silly placeDep ROOT stream-browserify@3.0.0 OK for: @aws-sdk/lib-storage@3.1111.0 want: 3.0.0
246 silly fetch manifest base64-js@^1.0.2
247 silly packumentCache full:https://registry.npmjs.org/base64-js cache-miss
248 silly fetch manifest inherits@~2.0.4
249 silly packumentCache full:https://registry.npmjs.org/inherits cache-miss
250 silly fetch manifest readable-stream@^3.5.0
251 silly packumentCache full:https://registry.npmjs.org/readable-stream cache-miss
252 http fetch GET 200 https://registry.npmjs.org/readable-stream 42ms (cache revalidated)
253 silly packumentCache full:https://registry.npmjs.org/readable-stream set size:261096 disposed:false
254 http fetch GET 200 https://registry.npmjs.org/inherits 47ms (cache revalidated)
255 silly packumentCache full:https://registry.npmjs.org/inherits set size:12925 disposed:false
256 http fetch GET 200 https://registry.npmjs.org/base64-js 48ms (cache revalidated)
257 silly packumentCache full:https://registry.npmjs.org/base64-js set size:41270 disposed:false
258 silly placeDep node_modules/buffer base64-js@1.5.1 OK for: buffer@5.6.0 want: ^1.0.2
259 silly fetch manifest @aws-sdk/credential-providers@^3.188.0
260 silly packumentCache full:https://registry.npmjs.org/@aws-sdk%2fcredential-providers cache-miss
261 http fetch GET 200 https://registry.npmjs.org/@aws-sdk%2fcredential-providers 193ms (cache updated)
262 silly packumentCache full:https://registry.npmjs.org/@aws-sdk%2fcredential-providers set size:undefined disposed:false
263 silly fetch manifest @mongodb-js/zstd@^1.1.0 || ^2.0.0
264 silly packumentCache full:https://registry.npmjs.org/@mongodb-js%2fzstd cache-miss
265 http fetch GET 200 https://registry.npmjs.org/@mongodb-js%2fzstd 175ms (cache revalidated)
266 silly packumentCache full:https://registry.npmjs.org/@mongodb-js%2fzstd set size:97874 disposed:false
267 silly fetch manifest gcp-metadata@^5.2.0
268 silly packumentCache full:https://registry.npmjs.org/gcp-metadata cache-miss
269 http fetch GET 200 https://registry.npmjs.org/gcp-metadata 52ms (cache updated)
270 silly packumentCache full:https://registry.npmjs.org/gcp-metadata set size:undefined disposed:false
271 silly fetch manifest kerberos@^2.0.1
272 silly packumentCache full:https://registry.npmjs.org/kerberos cache-miss
273 http fetch GET 200 https://registry.npmjs.org/kerberos 38ms (cache revalidated)
274 silly packumentCache full:https://registry.npmjs.org/kerberos set size:117537 disposed:false
275 silly fetch manifest mongodb-client-encryption@>=6.0.0 <7
276 silly packumentCache full:https://registry.npmjs.org/mongodb-client-encryption cache-miss
277 http fetch GET 200 https://registry.npmjs.org/mongodb-client-encryption 48ms (cache revalidated)
278 silly packumentCache full:https://registry.npmjs.org/mongodb-client-encryption set size:272853 disposed:false
279 silly fetch manifest snappy@^7.3.2
280 silly packumentCache full:https://registry.npmjs.org/snappy cache-miss
281 http fetch GET 200 https://registry.npmjs.org/snappy 138ms (cache updated)
282 silly packumentCache full:https://registry.npmjs.org/snappy set size:undefined disposed:false
283 silly fetch manifest socks@^2.7.1
284 silly packumentCache full:https://registry.npmjs.org/socks cache-miss
285 http fetch GET 200 https://registry.npmjs.org/socks 37ms (cache revalidated)
286 silly packumentCache full:https://registry.npmjs.org/socks set size:173143 disposed:false
287 silly placeDep ROOT bson@6.10.4 OK for: mongoose@8.22.1 want: ^6.10.4
288 silly placeDep ROOT kareem@2.6.3 OK for: mongoose@8.22.1 want: 2.6.3
289 silly placeDep ROOT mongodb@6.20.0 OK for: mongoose@8.22.1 want: ~6.20.0
290 silly placeDep ROOT mpath@0.9.0 OK for: mongoose@8.22.1 want: 0.9.0
291 silly placeDep ROOT mquery@5.0.0 OK for: mongoose@8.22.1 want: 5.0.0
292 silly placeDep ROOT sift@17.1.3 OK for: mongoose@8.22.1 want: 17.1.3
293 silly fetch manifest @mongodb-js/saslprep@^1.3.0
294 silly packumentCache full:https://registry.npmjs.org/@mongodb-js%2fsaslprep cache-miss
295 silly fetch manifest mongodb-connection-string-url@^3.0.2
296 silly packumentCache full:https://registry.npmjs.org/mongodb-connection-string-url cache-miss
297 http fetch GET 200 https://registry.npmjs.org/mongodb-connection-string-url 124ms (cache revalidated)
298 silly packumentCache full:https://registry.npmjs.org/mongodb-connection-string-url set size:129665 disposed:false
299 http fetch GET 200 https://registry.npmjs.org/@mongodb-js%2fsaslprep 263ms (cache revalidated)
300 silly packumentCache full:https://registry.npmjs.org/@mongodb-js%2fsaslprep set size:125713 disposed:false
301 silly placeDep ROOT @mongodb-js/saslprep@1.4.13 OK for: mongodb@6.20.0 want: ^1.3.0
302 silly placeDep ROOT mongodb-connection-string-url@3.0.2 OK for: mongodb@6.20.0 want: ^3.0.2
303 silly fetch manifest sparse-bitfield@^3.0.3
304 silly packumentCache full:https://registry.npmjs.org/sparse-bitfield cache-miss
305 silly fetch manifest whatwg-url@^14.1.0 || ^13.0.0
306 silly packumentCache full:https://registry.npmjs.org/whatwg-url cache-miss
307 silly fetch manifest @types/whatwg-url@^11.0.2
308 silly packumentCache full:https://registry.npmjs.org/@types%2fwhatwg-url cache-miss
309 http fetch GET 200 https://registry.npmjs.org/whatwg-url 120ms (cache revalidated)
310 silly packumentCache full:https://registry.npmjs.org/whatwg-url set size:177251 disposed:false
311 http fetch GET 200 https://registry.npmjs.org/sparse-bitfield 133ms (cache revalidated)
312 silly packumentCache full:https://registry.npmjs.org/sparse-bitfield set size:18366 disposed:false
313 http fetch GET 200 https://registry.npmjs.org/@types%2fwhatwg-url 242ms (cache revalidated)
314 silly packumentCache full:https://registry.npmjs.org/@types%2fwhatwg-url set size:25750 disposed:false
315 silly placeDep ROOT sparse-bitfield@3.0.3 OK for: @mongodb-js/saslprep@1.4.13 want: ^3.0.3
316 silly fetch manifest memory-pager@^1.0.2
317 silly packumentCache full:https://registry.npmjs.org/memory-pager cache-miss
318 http fetch GET 200 https://registry.npmjs.org/memory-pager 123ms (cache revalidated)
319 silly packumentCache full:https://registry.npmjs.org/memory-pager set size:21090 disposed:false
320 silly placeDep ROOT @types/whatwg-url@11.0.5 OK for: mongodb-connection-string-url@3.0.2 want: ^11.0.2
321 silly placeDep ROOT whatwg-url@14.2.0 OK for: mongodb-connection-string-url@3.0.2 want: ^14.1.0 || ^13.0.0
322 silly fetch manifest @types/webidl-conversions@*
323 silly packumentCache full:https://registry.npmjs.org/@types%2fwebidl-conversions cache-miss
324 silly fetch manifest tr46@^5.1.0
325 silly packumentCache full:https://registry.npmjs.org/tr46 cache-miss
326 silly fetch manifest webidl-conversions@^7.0.0
327 silly packumentCache full:https://registry.npmjs.org/webidl-conversions cache-miss
328 http fetch GET 200 https://registry.npmjs.org/webidl-conversions 38ms (cache revalidated)
329 silly packumentCache full:https://registry.npmjs.org/webidl-conversions set size:46073 disposed:false
330 http fetch GET 200 https://registry.npmjs.org/tr46 40ms (cache revalidated)
331 silly packumentCache full:https://registry.npmjs.org/tr46 set size:47377 disposed:false
332 http fetch GET 200 https://registry.npmjs.org/@types%2fwebidl-conversions 204ms (cache revalidated)
333 silly packumentCache full:https://registry.npmjs.org/@types%2fwebidl-conversions set size:22935 disposed:false
334 silly placeDep ROOT @types/webidl-conversions@7.0.3 OK for: @types/whatwg-url@11.0.5 want: *
335 silly fetch manifest mongoose@>=5.11.10
336 silly packumentCache full:https://registry.npmjs.org/mongoose cache-miss
337 http cache https://registry.npmjs.org/mongoose 16ms (cache hit)
338 silly packumentCache full:https://registry.npmjs.org/mongoose set size:4289654 disposed:false
339 silly placeDep ROOT mongoose-lean-virtuals@1.1.1 OK for: mongoose-paginate-v2@1.9.4 want: ^1.1.0
340 silly fetch manifest mpath@^0.8.4
341 silly packumentCache full:https://registry.npmjs.org/mpath cache-hit
342 silly placeDep node_modules/mongoose-lean-virtuals mpath@0.8.4 OK for: mongoose-lean-virtuals@1.1.1 want: ^0.8.4
343 silly placeDep ROOT memory-pager@1.5.0 OK for: sparse-bitfield@3.0.3 want: ^1.0.2
344 silly placeDep ROOT inherits@2.0.4 OK for: stream-browserify@3.0.0 want: ~2.0.4
345 silly placeDep ROOT readable-stream@3.6.2 OK for: stream-browserify@3.0.0 want: ^3.5.0
346 silly fetch manifest string_decoder@^1.1.1
347 silly packumentCache full:https://registry.npmjs.org/string_decoder cache-miss
348 silly fetch manifest util-deprecate@^1.0.1
349 silly packumentCache full:https://registry.npmjs.org/util-deprecate cache-miss
350 http fetch GET 200 https://registry.npmjs.org/util-deprecate 72ms (cache revalidated)
351 silly packumentCache full:https://registry.npmjs.org/util-deprecate set size:6674 disposed:false
352 http fetch GET 200 https://registry.npmjs.org/string_decoder 75ms (cache revalidated)
353 silly packumentCache full:https://registry.npmjs.org/string_decoder set size:28441 disposed:false
354 silly placeDep ROOT string_decoder@1.3.0 OK for: readable-stream@3.6.2 want: ^1.1.1
355 silly placeDep ROOT util-deprecate@1.0.2 OK for: readable-stream@3.6.2 want: ^1.0.1
356 silly fetch manifest safe-buffer@~5.2.0
357 silly packumentCache full:https://registry.npmjs.org/safe-buffer cache-miss
358 http fetch GET 200 https://registry.npmjs.org/safe-buffer 44ms (cache revalidated)
359 silly packumentCache full:https://registry.npmjs.org/safe-buffer set size:41183 disposed:false
360 silly placeDep ROOT safe-buffer@5.2.1 OK for: string_decoder@1.3.0 want: ~5.2.0
361 silly placeDep ROOT tr46@5.1.1 OK for: whatwg-url@14.2.0 want: ^5.1.0
362 silly placeDep ROOT webidl-conversions@7.0.0 OK for: whatwg-url@14.2.0 want: ^7.0.0
363 silly reify mark retired [
363 silly reify   'C:\\Users\\Devin Keehner\\Projects\\YPAA Website\\NECYPAA XXXVI\\node_modules\\@cloudflare\\kv-asset-handler'
363 silly reify ]
364 silly reify mark retired [
364 silly reify   'C:\\Users\\Devin Keehner\\Projects\\YPAA Website\\NECYPAA XXXVI\\node_modules\\@cloudflare\\unenv-preset'
364 silly reify ]
365 silly reify mark retired [
365 silly reify   'C:\\Users\\Devin Keehner\\Projects\\YPAA Website\\NECYPAA XXXVI\\node_modules\\@cloudflare\\vite-plugin'
365 silly reify ]
366 silly reify mark retired [
366 silly reify   'C:\\Users\\Devin Keehner\\Projects\\YPAA Website\\NECYPAA XXXVI\\node_modules\\@cloudflare\\workerd-windows-64'
366 silly reify ]
367 silly reify mark retired [
367 silly reify   'C:\\Users\\Devin Keehner\\Projects\\YPAA Website\\NECYPAA XXXVI\\node_modules\\@cloudflare\\workers-types'
367 silly reify ]
368 silly reify mark retired [
368 silly reify   'C:\\Users\\Devin Keehner\\Projects\\YPAA Website\\NECYPAA XXXVI\\node_modules\\@cspotcode\\source-map-support'
368 silly reify ]
369 silly reify mark retired [
369 silly reify   'C:\\Users\\Devin Keehner\\Projects\\YPAA Website\\NECYPAA XXXVI\\node_modules\\@drizzle-team\\brocli'
369 silly reify ]
370 silly reify mark retired [
370 silly reify   'C:\\Users\\Devin Keehner\\Projects\\YPAA Website\\NECYPAA XXXVI\\node_modules\\@emnapi\\core'
370 silly reify ]
371 silly reify mark retired [
371 silly reify   'C:\\Users\\Devin Keehner\\Projects\\YPAA Website\\NECYPAA XXXVI\\node_modules\\@emnapi\\wasi-threads'
371 silly reify ]
372 silly reify mark retired [
372 silly reify   'C:\\Users\\Devin Keehner\\Projects\\YPAA Website\\NECYPAA XXXVI\\node_modules\\@esbuild-kit\\core-utils'
372 silly reify ]
373 silly reify mark retired [
373 silly reify   'C:\\Users\\Devin Keehner\\Projects\\YPAA Website\\NECYPAA XXXVI\\node_modules\\@esbuild-kit\\esm-loader'
373 silly reify ]
374 silly reify mark retired [
374 silly reify   'C:\\Users\\Devin Keehner\\Projects\\YPAA Website\\NECYPAA XXXVI\\node_modules\\@jridgewell\\source-map'
374 silly reify ]
375 silly reify mark retired [
375 silly reify   'C:\\Users\\Devin Keehner\\Projects\\YPAA Website\\NECYPAA XXXVI\\node_modules\\@oxc-project\\types'
375 silly reify ]
376 silly reify mark retired [
376 silly reify   'C:\\Users\\Devin Keehner\\Projects\\YPAA Website\\NECYPAA XXXVI\\node_modules\\@payloadcms\\db-d1-sqlite'
376 silly reify ]
377 silly reify mark retired [
377 silly reify   'C:\\Users\\Devin Keehner\\Projects\\YPAA Website\\NECYPAA XXXVI\\node_modules\\@payloadcms\\drizzle'
377 silly reify ]
378 silly reify mark retired [
378 silly reify   'C:\\Users\\Devin Keehner\\Projects\\YPAA Website\\NECYPAA XXXVI\\node_modules\\@payloadcms\\storage-r2'
378 silly reify ]
379 silly reify mark retired [
379 silly reify   'C:\\Users\\Devin Keehner\\Projects\\YPAA Website\\NECYPAA XXXVI\\node_modules\\@poppinss\\colors'
379 silly reify ]
380 silly reify mark retired [
380 silly reify   'C:\\Users\\Devin Keehner\\Projects\\YPAA Website\\NECYPAA XXXVI\\node_modules\\@poppinss\\dumper'
380 silly reify ]
381 silly reify mark retired [
381 silly reify   'C:\\Users\\Devin Keehner\\Projects\\YPAA Website\\NECYPAA XXXVI\\node_modules\\@poppinss\\exception'
381 silly reify ]
382 silly reify mark retired [
382 silly reify   'C:\\Users\\Devin Keehner\\Projects\\YPAA Website\\NECYPAA XXXVI\\node_modules\\@resvg\\resvg-wasm'
382 silly reify ]
383 silly reify mark retired [
383 silly reify   'C:\\Users\\Devin Keehner\\Projects\\YPAA Website\\NECYPAA XXXVI\\node_modules\\@rolldown\\binding-win32-x64-msvc'
383 silly reify ]
384 silly reify mark retired [
384 silly reify   'C:\\Users\\Devin Keehner\\Projects\\YPAA Website\\NECYPAA XXXVI\\node_modules\\@rolldown\\pluginutils'
384 silly reify ]
385 silly reify mark retired [
385 silly reify   'C:\\Users\\Devin Keehner\\Projects\\YPAA Website\\NECYPAA XXXVI\\node_modules\\@shuding\\opentype.js',
385 silly reify   'C:\\Users\\Devin Keehner\\Projects\\YPAA Website\\NECYPAA XXXVI\\node_modules\\.bin\\ot',
385 silly reify   'C:\\Users\\Devin Keehner\\Projects\\YPAA Website\\NECYPAA XXXVI\\node_modules\\.bin\\ot.cmd',
385 silly reify   'C:\\Users\\Devin Keehner\\Projects\\YPAA Website\\NECYPAA XXXVI\\node_modules\\.bin\\ot.ps1'
385 silly reify ]
386 silly reify mark retired [
386 silly reify   'C:\\Users\\Devin Keehner\\Projects\\YPAA Website\\NECYPAA XXXVI\\node_modules\\@sindresorhus\\is'
386 silly reify ]
387 silly reify mark retired [
387 silly reify   'C:\\Users\\Devin Keehner\\Projects\\YPAA Website\\NECYPAA XXXVI\\node_modules\\@speed-highlight\\core'
387 silly reify ]
388 silly reify mark retired [
388 silly reify   'C:\\Users\\Devin Keehner\\Projects\\YPAA Website\\NECYPAA XXXVI\\node_modules\\@tybys\\wasm-util'
388 silly reify ]
389 silly reify mark retired [
389 silly reify   'C:\\Users\\Devin Keehner\\Projects\\YPAA Website\\NECYPAA XXXVI\\node_modules\\@types\\eslint'
389 silly reify ]
390 silly reify mark retired [
390 silly reify   'C:\\Users\\Devin Keehner\\Projects\\YPAA Website\\NECYPAA XXXVI\\node_modules\\@types\\eslint-scope'
390 silly reify ]
391 silly reify mark retired [
391 silly reify   'C:\\Users\\Devin Keehner\\Projects\\YPAA Website\\NECYPAA XXXVI\\node_modules\\@unpic\\core'
391 silly reify ]
392 silly reify mark retired [
392 silly reify   'C:\\Users\\Devin Keehner\\Projects\\YPAA Website\\NECYPAA XXXVI\\node_modules\\@unpic\\react'
392 silly reify ]
393 silly reify mark retired [
393 silly reify   'C:\\Users\\Devin Keehner\\Projects\\YPAA Website\\NECYPAA XXXVI\\node_modules\\@vercel\\og'
393 silly reify ]
394 silly reify mark retired [
394 silly reify   'C:\\Users\\Devin Keehner\\Projects\\YPAA Website\\NECYPAA XXXVI\\node_modules\\@vitejs\\plugin-react'
394 silly reify ]
395 silly reify mark retired [
395 silly reify   'C:\\Users\\Devin Keehner\\Projects\\YPAA Website\\NECYPAA XXXVI\\node_modules\\@vitejs\\plugin-rsc'
395 silly reify ]
396 silly reify mark retired [
396 silly reify   'C:\\Users\\Devin Keehner\\Projects\\YPAA Website\\NECYPAA XXXVI\\node_modules\\@webassemblyjs\\ast'
396 silly reify ]
397 silly reify mark retired [
397 silly reify   'C:\\Users\\Devin Keehner\\Projects\\YPAA Website\\NECYPAA XXXVI\\node_modules\\@webassemblyjs\\floating-point-hex-parser'
397 silly reify ]
398 silly reify mark retired [
398 silly reify   'C:\\Users\\Devin Keehner\\Projects\\YPAA Website\\NECYPAA XXXVI\\node_modules\\@webassemblyjs\\helper-api-error'
398 silly reify ]
399 silly reify mark retired [
399 silly reify   'C:\\Users\\Devin Keehner\\Projects\\YPAA Website\\NECYPAA XXXVI\\node_modules\\@webassemblyjs\\helper-buffer'
399 silly reify ]
400 silly reify mark retired [
400 silly reify   'C:\\Users\\Devin Keehner\\Projects\\YPAA Website\\NECYPAA XXXVI\\node_modules\\@webassemblyjs\\helper-numbers'
400 silly reify ]
401 silly reify mark retired [
401 silly reify   'C:\\Users\\Devin Keehner\\Projects\\YPAA Website\\NECYPAA XXXVI\\node_modules\\@webassemblyjs\\helper-wasm-bytecode'
401 silly reify ]
402 silly reify mark retired [
402 silly reify   'C:\\Users\\Devin Keehner\\Projects\\YPAA Website\\NECYPAA XXXVI\\node_modules\\@webassemblyjs\\helper-wasm-section'
402 silly reify ]
403 silly reify mark retired [
403 silly reify   'C:\\Users\\Devin Keehner\\Projects\\YPAA Website\\NECYPAA XXXVI\\node_modules\\@webassemblyjs\\ieee754'
403 silly reify ]
404 silly reify mark retired [
404 silly reify   'C:\\Users\\Devin Keehner\\Projects\\YPAA Website\\NECYPAA XXXVI\\node_modules\\@webassemblyjs\\leb128'
404 silly reify ]
405 silly reify mark retired [
405 silly reify   'C:\\Users\\Devin Keehner\\Projects\\YPAA Website\\NECYPAA XXXVI\\node_modules\\@webassemblyjs\\utf8'
405 silly reify ]
406 silly reify mark retired [
406 silly reify   'C:\\Users\\Devin Keehner\\Projects\\YPAA Website\\NECYPAA XXXVI\\node_modules\\@webassemblyjs\\wasm-edit'
406 silly reify ]
407 silly reify mark retired [
407 silly reify   'C:\\Users\\Devin Keehner\\Projects\\YPAA Website\\NECYPAA XXXVI\\node_modules\\@webassemblyjs\\wasm-gen'
407 silly reify ]
408 silly reify mark retired [
408 silly reify   'C:\\Users\\Devin Keehner\\Projects\\YPAA Website\\NECYPAA XXXVI\\node_modules\\@webassemblyjs\\wasm-opt'
408 silly reify ]
409 silly reify mark retired [
409 silly reify   'C:\\Users\\Devin Keehner\\Projects\\YPAA Website\\NECYPAA XXXVI\\node_modules\\@webassemblyjs\\wasm-parser'
409 silly reify ]
410 silly reify mark retired [
410 silly reify   'C:\\Users\\Devin Keehner\\Projects\\YPAA Website\\NECYPAA XXXVI\\node_modules\\@webassemblyjs\\wast-printer'
410 silly reify ]
411 silly reify mark retired [
411 silly reify   'C:\\Users\\Devin Keehner\\Projects\\YPAA Website\\NECYPAA XXXVI\\node_modules\\@xtuc\\ieee754'
411 silly reify ]
412 silly reify mark retired [
412 silly reify   'C:\\Users\\Devin Keehner\\Projects\\YPAA Website\\NECYPAA XXXVI\\node_modules\\@xtuc\\long'
412 silly reify ]
413 silly reify mark retired [
413 silly reify   'C:\\Users\\Devin Keehner\\Projects\\YPAA Website\\NECYPAA XXXVI\\node_modules\\acorn-import-phases'
413 silly reify ]
414 silly reify mark retired [
414 silly reify   'C:\\Users\\Devin Keehner\\Projects\\YPAA Website\\NECYPAA XXXVI\\node_modules\\acorn-loose'
414 silly reify ]
415 silly reify mark retired [
415 silly reify   'C:\\Users\\Devin Keehner\\Projects\\YPAA Website\\NECYPAA XXXVI\\node_modules\\ajv-formats'
415 silly reify ]
416 silly reify mark retired [
416 silly reify   'C:\\Users\\Devin Keehner\\Projects\\YPAA Website\\NECYPAA XXXVI\\node_modules\\base64-js'
416 silly reify ]
417 silly reify mark retired [
417 silly reify   'C:\\Users\\Devin Keehner\\Projects\\YPAA Website\\NECYPAA XXXVI\\node_modules\\blake3-wasm'
417 silly reify ]
418 silly reify mark retired [
418 silly reify   'C:\\Users\\Devin Keehner\\Projects\\YPAA Website\\NECYPAA XXXVI\\node_modules\\buffer-from'
418 silly reify ]
419 silly reify mark retired [
419 silly reify   'C:\\Users\\Devin Keehner\\Projects\\YPAA Website\\NECYPAA XXXVI\\node_modules\\camelize'
419 silly reify ]
420 silly reify mark retired [
420 silly reify   'C:\\Users\\Devin Keehner\\Projects\\YPAA Website\\NECYPAA XXXVI\\node_modules\\chrome-trace-event'
420 silly reify ]
421 silly reify mark retired [
421 silly reify   'C:\\Users\\Devin Keehner\\Projects\\YPAA Website\\NECYPAA XXXVI\\node_modules\\cookie'
421 silly reify ]
422 silly reify mark retired [
422 silly reify   'C:\\Users\\Devin Keehner\\Projects\\YPAA Website\\NECYPAA XXXVI\\node_modules\\css-background-parser'
422 silly reify ]
423 silly reify mark retired [
423 silly reify   'C:\\Users\\Devin Keehner\\Projects\\YPAA Website\\NECYPAA XXXVI\\node_modules\\css-box-shadow'
423 silly reify ]
424 silly reify mark retired [
424 silly reify   'C:\\Users\\Devin Keehner\\Projects\\YPAA Website\\NECYPAA XXXVI\\node_modules\\css-color-keywords'
424 silly reify ]
425 silly reify mark retired [
425 silly reify   'C:\\Users\\Devin Keehner\\Projects\\YPAA Website\\NECYPAA XXXVI\\node_modules\\css-gradient-parser'
425 silly reify ]
426 silly reify mark retired [
426 silly reify   'C:\\Users\\Devin Keehner\\Projects\\YPAA Website\\NECYPAA XXXVI\\node_modules\\css-to-react-native'
426 silly reify ]
427 silly reify mark retired [
427 silly reify   'C:\\Users\\Devin Keehner\\Projects\\YPAA Website\\NECYPAA XXXVI\\node_modules\\drizzle-kit',
427 silly reify   'C:\\Users\\Devin Keehner\\Projects\\YPAA Website\\NECYPAA XXXVI\\node_modules\\.bin\\drizzle-kit',
427 silly reify   'C:\\Users\\Devin Keehner\\Projects\\YPAA Website\\NECYPAA XXXVI\\node_modules\\.bin\\drizzle-kit.cmd',
427 silly reify   'C:\\Users\\Devin Keehner\\Projects\\YPAA Website\\NECYPAA XXXVI\\node_modules\\.bin\\drizzle-kit.ps1'
427 silly reify ]
428 silly reify mark retired [
428 silly reify   'C:\\Users\\Devin Keehner\\Projects\\YPAA Website\\NECYPAA XXXVI\\node_modules\\drizzle-orm'
428 silly reify ]
429 silly reify mark retired [
429 silly reify   'C:\\Users\\Devin Keehner\\Projects\\YPAA Website\\NECYPAA XXXVI\\node_modules\\emoji-regex-xs'
429 silly reify ]
430 silly reify mark retired [
430 silly reify   'C:\\Users\\Devin Keehner\\Projects\\YPAA Website\\NECYPAA XXXVI\\node_modules\\error-stack-parser-es'
430 silly reify ]
431 silly reify mark retired [
431 silly reify   'C:\\Users\\Devin Keehner\\Projects\\YPAA Website\\NECYPAA XXXVI\\node_modules\\es-module-lexer'
431 silly reify ]
432 silly reify mark retired [
432 silly reify   'C:\\Users\\Devin Keehner\\Projects\\YPAA Website\\NECYPAA XXXVI\\node_modules\\esbuild-register'
432 silly reify ]
433 silly reify mark retired [
433 silly reify   'C:\\Users\\Devin Keehner\\Projects\\YPAA Website\\NECYPAA XXXVI\\node_modules\\estree-walker'
433 silly reify ]
434 silly reify mark retired [
434 silly reify   'C:\\Users\\Devin Keehner\\Projects\\YPAA Website\\NECYPAA XXXVI\\node_modules\\fflate'
434 silly reify ]
435 silly reify mark retired [
435 silly reify   'C:\\Users\\Devin Keehner\\Projects\\YPAA Website\\NECYPAA XXXVI\\node_modules\\glob-to-regexp'
435 silly reify ]
436 silly reify mark retired [
436 silly reify   'C:\\Users\\Devin Keehner\\Projects\\YPAA Website\\NECYPAA XXXVI\\node_modules\\globrex'
436 silly reify ]
437 silly reify mark retired [
437 silly reify   'C:\\Users\\Devin Keehner\\Projects\\YPAA Website\\NECYPAA XXXVI\\node_modules\\hex-rgb'
437 silly reify ]
438 silly reify mark retired [
438 silly reify   'C:\\Users\\Devin Keehner\\Projects\\YPAA Website\\NECYPAA XXXVI\\node_modules\\image-size',
438 silly reify   'C:\\Users\\Devin Keehner\\Projects\\YPAA Website\\NECYPAA XXXVI\\node_modules\\.bin\\image-size',
438 silly reify   'C:\\Users\\Devin Keehner\\Projects\\YPAA Website\\NECYPAA XXXVI\\node_modules\\.bin\\image-size.cmd',
438 silly reify   'C:\\Users\\Devin Keehner\\Projects\\YPAA Website\\NECYPAA XXXVI\\node_modules\\.bin\\image-size.ps1'
438 silly reify ]
439 silly reify mark retired [
439 silly reify   'C:\\Users\\Devin Keehner\\Projects\\YPAA Website\\NECYPAA XXXVI\\node_modules\\ipaddr.js'
439 silly reify ]
440 silly reify mark retired [
440 silly reify   'C:\\Users\\Devin Keehner\\Projects\\YPAA Website\\NECYPAA XXXVI\\node_modules\\jest-worker'
440 silly reify ]
441 silly reify mark retired [
441 silly reify   'C:\\Users\\Devin Keehner\\Projects\\YPAA Website\\NECYPAA XXXVI\\node_modules\\kleur'
441 silly reify ]
442 silly reify mark retired [
442 silly reify   'C:\\Users\\Devin Keehner\\Projects\\YPAA Website\\NECYPAA XXXVI\\node_modules\\linebreak'
442 silly reify ]
443 silly reify mark retired [
443 silly reify   'C:\\Users\\Devin Keehner\\Projects\\YPAA Website\\NECYPAA XXXVI\\node_modules\\loader-runner'
443 silly reify ]
444 silly reify mark retired [
444 silly reify   'C:\\Users\\Devin Keehner\\Projects\\YPAA Website\\NECYPAA XXXVI\\node_modules\\merge-stream'
444 silly reify ]
445 silly reify mark retired [
445 silly reify   'C:\\Users\\Devin Keehner\\Projects\\YPAA Website\\NECYPAA XXXVI\\node_modules\\mime-db'
445 silly reify ]
446 silly reify mark retired [
446 silly reify   'C:\\Users\\Devin Keehner\\Projects\\YPAA Website\\NECYPAA XXXVI\\node_modules\\miniflare',
446 silly reify   'C:\\Users\\Devin Keehner\\Projects\\YPAA Website\\NECYPAA XXXVI\\node_modules\\.bin\\miniflare',
446 silly reify   'C:\\Users\\Devin Keehner\\Projects\\YPAA Website\\NECYPAA XXXVI\\node_modules\\.bin\\miniflare.cmd',
446 silly reify   'C:\\Users\\Devin Keehner\\Projects\\YPAA Website\\NECYPAA XXXVI\\node_modules\\.bin\\miniflare.ps1'
446 silly reify ]
447 silly reify mark retired [
447 silly reify   'C:\\Users\\Devin Keehner\\Projects\\YPAA Website\\NECYPAA XXXVI\\node_modules\\neo-async'
447 silly reify ]
448 silly reify mark retired [
448 silly reify   'C:\\Users\\Devin Keehner\\Projects\\YPAA Website\\NECYPAA XXXVI\\node_modules\\pako'
448 silly reify ]
449 silly reify mark retired [
449 silly reify   'C:\\Users\\Devin Keehner\\Projects\\YPAA Website\\NECYPAA XXXVI\\node_modules\\parse-css-color'
449 silly reify ]
450 silly reify mark retired [
450 silly reify   'C:\\Users\\Devin Keehner\\Projects\\YPAA Website\\NECYPAA XXXVI\\node_modules\\pathe'
450 silly reify ]
451 silly reify mark retired [
451 silly reify   'C:\\Users\\Devin Keehner\\Projects\\YPAA Website\\NECYPAA XXXVI\\node_modules\\postcss-value-parser'
451 silly reify ]
452 silly reify mark retired [
452 silly reify   'C:\\Users\\Devin Keehner\\Projects\\YPAA Website\\NECYPAA XXXVI\\node_modules\\react-server-dom-webpack'
452 silly reify ]
453 silly reify mark retired [
453 silly reify   'C:\\Users\\Devin Keehner\\Projects\\YPAA Website\\NECYPAA XXXVI\\node_modules\\rolldown',
453 silly reify   'C:\\Users\\Devin Keehner\\Projects\\YPAA Website\\NECYPAA XXXVI\\node_modules\\.bin\\rolldown',
453 silly reify   'C:\\Users\\Devin Keehner\\Projects\\YPAA Website\\NECYPAA XXXVI\\node_modules\\.bin\\rolldown.cmd',
453 silly reify   'C:\\Users\\Devin Keehner\\Projects\\YPAA Website\\NECYPAA XXXVI\\node_modules\\.bin\\rolldown.ps1'
453 silly reify ]
454 silly reify mark retired [
454 silly reify   'C:\\Users\\Devin Keehner\\Projects\\YPAA Website\\NECYPAA XXXVI\\node_modules\\satori'
454 silly reify ]
455 silly reify mark retired [
455 silly reify   'C:\\Users\\Devin Keehner\\Projects\\YPAA Website\\NECYPAA XXXVI\\node_modules\\schema-utils'
455 silly reify ]
456 silly reify mark retired [
456 silly reify   'C:\\Users\\Devin Keehner\\Projects\\YPAA Website\\NECYPAA XXXVI\\node_modules\\source-map'
456 silly reify ]
457 silly reify mark retired [
457 silly reify   'C:\\Users\\Devin Keehner\\Projects\\YPAA Website\\NECYPAA XXXVI\\node_modules\\source-map-support'
457 silly reify ]
458 silly reify mark retired [
458 silly reify   'C:\\Users\\Devin Keehner\\Projects\\YPAA Website\\NECYPAA XXXVI\\node_modules\\srvx',
458 silly reify   'C:\\Users\\Devin Keehner\\Projects\\YPAA Website\\NECYPAA XXXVI\\node_modules\\.bin\\srvx',
458 silly reify   'C:\\Users\\Devin Keehner\\Projects\\YPAA Website\\NECYPAA XXXVI\\node_modules\\.bin\\srvx.cmd',
458 silly reify   'C:\\Users\\Devin Keehner\\Projects\\YPAA Website\\NECYPAA XXXVI\\node_modules\\.bin\\srvx.ps1'
458 silly reify ]
459 silly reify mark retired [
459 silly reify   'C:\\Users\\Devin Keehner\\Projects\\YPAA Website\\NECYPAA XXXVI\\node_modules\\string.prototype.codepointat'
459 silly reify ]
460 silly reify mark retired [
460 silly reify   'C:\\Users\\Devin Keehner\\Projects\\YPAA Website\\NECYPAA XXXVI\\node_modules\\strip-literal'
460 silly reify ]
461 silly reify mark retired [
461 silly reify   'C:\\Users\\Devin Keehner\\Projects\\YPAA Website\\NECYPAA XXXVI\\node_modules\\terser',
461 silly reify   'C:\\Users\\Devin Keehner\\Projects\\YPAA Website\\NECYPAA XXXVI\\node_modules\\.bin\\terser',
461 silly reify   'C:\\Users\\Devin Keehner\\Projects\\YPAA Website\\NECYPAA XXXVI\\node_modules\\.bin\\terser.cmd',
461 silly reify   'C:\\Users\\Devin Keehner\\Projects\\YPAA Website\\NECYPAA XXXVI\\node_modules\\.bin\\terser.ps1'
461 silly reify ]
462 silly reify mark retired [
462 silly reify   'C:\\Users\\Devin Keehner\\Projects\\YPAA Website\\NECYPAA XXXVI\\node_modules\\terser-webpack-plugin'
462 silly reify ]
463 silly reify mark retired [
463 silly reify   'C:\\Users\\Devin Keehner\\Projects\\YPAA Website\\NECYPAA XXXVI\\node_modules\\tiny-inflate'
463 silly reify ]
464 silly reify mark retired [
464 silly reify   'C:\\Users\\Devin Keehner\\Projects\\YPAA Website\\NECYPAA XXXVI\\node_modules\\to-no-case'
464 silly reify ]
465 silly reify mark retired [
465 silly reify   'C:\\Users\\Devin Keehner\\Projects\\YPAA Website\\NECYPAA XXXVI\\node_modules\\to-snake-case'
465 silly reify ]
466 silly reify mark retired [
466 silly reify   'C:\\Users\\Devin Keehner\\Projects\\YPAA Website\\NECYPAA XXXVI\\node_modules\\to-space-case'
466 silly reify ]
467 silly reify mark retired [
467 silly reify   'C:\\Users\\Devin Keehner\\Projects\\YPAA Website\\NECYPAA XXXVI\\node_modules\\tsconfck',
467 silly reify   'C:\\Users\\Devin Keehner\\Projects\\YPAA Website\\NECYPAA XXXVI\\node_modules\\.bin\\tsconfck',
467 silly reify   'C:\\Users\\Devin Keehner\\Projects\\YPAA Website\\NECYPAA XXXVI\\node_modules\\.bin\\tsconfck.cmd',
467 silly reify   'C:\\Users\\Devin Keehner\\Projects\\YPAA Website\\NECYPAA XXXVI\\node_modules\\.bin\\tsconfck.ps1'
467 silly reify ]
468 silly reify mark retired [
468 silly reify   'C:\\Users\\Devin Keehner\\Projects\\YPAA Website\\NECYPAA XXXVI\\node_modules\\turbo-stream'
468 silly reify ]
469 silly reify mark retired [
469 silly reify   'C:\\Users\\Devin Keehner\\Projects\\YPAA Website\\NECYPAA XXXVI\\node_modules\\undici'
469 silly reify ]
470 silly reify mark retired [
470 silly reify   'C:\\Users\\Devin Keehner\\Projects\\YPAA Website\\NECYPAA XXXVI\\node_modules\\unenv'
470 silly reify ]
471 silly reify mark retired [
471 silly reify   'C:\\Users\\Devin Keehner\\Projects\\YPAA Website\\NECYPAA XXXVI\\node_modules\\unicode-trie'
471 silly reify ]
472 silly reify mark retired [
472 silly reify   'C:\\Users\\Devin Keehner\\Projects\\YPAA Website\\NECYPAA XXXVI\\node_modules\\unpic'
472 silly reify ]
473 silly reify mark retired [
473 silly reify   'C:\\Users\\Devin Keehner\\Projects\\YPAA Website\\NECYPAA XXXVI\\node_modules\\vinext',
473 silly reify   'C:\\Users\\Devin Keehner\\Projects\\YPAA Website\\NECYPAA XXXVI\\node_modules\\.bin\\vinext',
473 silly reify   'C:\\Users\\Devin Keehner\\Projects\\YPAA Website\\NECYPAA XXXVI\\node_modules\\.bin\\vinext.cmd',
473 silly reify   'C:\\Users\\Devin Keehner\\Projects\\YPAA Website\\NECYPAA XXXVI\\node_modules\\.bin\\vinext.ps1'
473 silly reify ]
474 silly reify mark retired [
474 silly reify   'C:\\Users\\Devin Keehner\\Projects\\YPAA Website\\NECYPAA XXXVI\\node_modules\\vite',
474 silly reify   'C:\\Users\\Devin Keehner\\Projects\\YPAA Website\\NECYPAA XXXVI\\node_modules\\.bin\\vite',
474 silly reify   'C:\\Users\\Devin Keehner\\Projects\\YPAA Website\\NECYPAA XXXVI\\node_modules\\.bin\\vite.cmd',
474 silly reify   'C:\\Users\\Devin Keehner\\Projects\\YPAA Website\\NECYPAA XXXVI\\node_modules\\.bin\\vite.ps1'
474 silly reify ]
475 silly reify mark retired [
475 silly reify   'C:\\Users\\Devin Keehner\\Projects\\YPAA Website\\NECYPAA XXXVI\\node_modules\\vite-plugin-commonjs'
475 silly reify ]
476 silly reify mark retired [
476 silly reify   'C:\\Users\\Devin Keehner\\Projects\\YPAA Website\\NECYPAA XXXVI\\node_modules\\vite-plugin-dynamic-import'
476 silly reify ]
477 silly reify mark retired [
477 silly reify   'C:\\Users\\Devin Keehner\\Projects\\YPAA Website\\NECYPAA XXXVI\\node_modules\\vite-tsconfig-paths'
477 silly reify ]
478 silly reify mark retired [
478 silly reify   'C:\\Users\\Devin Keehner\\Projects\\YPAA Website\\NECYPAA XXXVI\\node_modules\\vitefu'
478 silly reify ]
479 silly reify mark retired [
479 silly reify   'C:\\Users\\Devin Keehner\\Projects\\YPAA Website\\NECYPAA XXXVI\\node_modules\\watchpack'
479 silly reify ]
480 silly reify mark retired [
480 silly reify   'C:\\Users\\Devin Keehner\\Projects\\YPAA Website\\NECYPAA XXXVI\\node_modules\\web-vitals'
480 silly reify ]
481 silly reify mark retired [
481 silly reify   'C:\\Users\\Devin Keehner\\Projects\\YPAA Website\\NECYPAA XXXVI\\node_modules\\webpack',
481 silly reify   'C:\\Users\\Devin Keehner\\Projects\\YPAA Website\\NECYPAA XXXVI\\node_modules\\.bin\\webpack',
481 silly reify   'C:\\Users\\Devin Keehner\\Projects\\YPAA Website\\NECYPAA XXXVI\\node_modules\\.bin\\webpack.cmd',
481 silly reify   'C:\\Users\\Devin Keehner\\Projects\\YPAA Website\\NECYPAA XXXVI\\node_modules\\.bin\\webpack.ps1'
481 silly reify ]
482 silly reify mark retired [
482 silly reify   'C:\\Users\\Devin Keehner\\Projects\\YPAA Website\\NECYPAA XXXVI\\node_modules\\webpack-sources'
482 silly reify ]
483 silly reify mark retired [
483 silly reify   'C:\\Users\\Devin Keehner\\Projects\\YPAA Website\\NECYPAA XXXVI\\node_modules\\workerd',
483 silly reify   'C:\\Users\\Devin Keehner\\Projects\\YPAA Website\\NECYPAA XXXVI\\node_modules\\.bin\\workerd',
483 silly reify   'C:\\Users\\Devin Keehner\\Projects\\YPAA Website\\NECYPAA XXXVI\\node_modules\\.bin\\workerd.cmd',
483 silly reify   'C:\\Users\\Devin Keehner\\Projects\\YPAA Website\\NECYPAA XXXVI\\node_modules\\.bin\\workerd.ps1'
483 silly reify ]
484 silly reify mark retired [
484 silly reify   'C:\\Users\\Devin Keehner\\Projects\\YPAA Website\\NECYPAA XXXVI\\node_modules\\wrangler',
484 silly reify   'C:\\Users\\Devin Keehner\\Projects\\YPAA Website\\NECYPAA XXXVI\\node_modules\\.bin\\wrangler',
484 silly reify   'C:\\Users\\Devin Keehner\\Projects\\YPAA Website\\NECYPAA XXXVI\\node_modules\\.bin\\wrangler.cmd',
484 silly reify   'C:\\Users\\Devin Keehner\\Projects\\YPAA Website\\NECYPAA XXXVI\\node_modules\\.bin\\wrangler.ps1',
484 silly reify   'C:\\Users\\Devin Keehner\\Projects\\YPAA Website\\NECYPAA XXXVI\\node_modules\\.bin\\wrangler2',
484 silly reify   'C:\\Users\\Devin Keehner\\Projects\\YPAA Website\\NECYPAA XXXVI\\node_modules\\.bin\\wrangler2.cmd',
484 silly reify   'C:\\Users\\Devin Keehner\\Projects\\YPAA Website\\NECYPAA XXXVI\\node_modules\\.bin\\wrangler2.ps1'
484 silly reify ]
485 silly reify mark retired [
485 silly reify   'C:\\Users\\Devin Keehner\\Projects\\YPAA Website\\NECYPAA XXXVI\\node_modules\\yoga-layout'
485 silly reify ]
486 silly reify mark retired [
486 silly reify   'C:\\Users\\Devin Keehner\\Projects\\YPAA Website\\NECYPAA XXXVI\\node_modules\\youch'
486 silly reify ]
487 silly reify mark retired [
487 silly reify   'C:\\Users\\Devin Keehner\\Projects\\YPAA Website\\NECYPAA XXXVI\\node_modules\\youch-core'
487 silly reify ]
488 silly reify moves {
488 silly reify   'C:\\Users\\Devin Keehner\\Projects\\YPAA Website\\NECYPAA XXXVI\\node_modules\\@cloudflare\\kv-asset-handler': 'C:\\Users\\Devin Keehner\\Projects\\YPAA Website\\NECYPAA XXXVI\\node_modules\\@cloudflare\\.kv-asset-handler-cYuWmOgU',
488 silly reify   'C:\\Users\\Devin Keehner\\Projects\\YPAA Website\\NECYPAA XXXVI\\node_modules\\@cloudflare\\unenv-preset': 'C:\\Users\\Devin Keehner\\Projects\\YPAA Website\\NECYPAA XXXVI\\node_modules\\@cloudflare\\.unenv-preset-e0PqHmTu',
488 silly reify   'C:\\Users\\Devin Keehner\\Projects\\YPAA Website\\NECYPAA XXXVI\\node_modules\\@cloudflare\\vite-plugin': 'C:\\Users\\Devin Keehner\\Projects\\YPAA Website\\NECYPAA XXXVI\\node_modules\\@cloudflare\\.vite-plugin-8xJyc6aG',
488 silly reify   'C:\\Users\\Devin Keehner\\Projects\\YPAA Website\\NECYPAA XXXVI\\node_modules\\@cloudflare\\workerd-windows-64': 'C:\\Users\\Devin Keehner\\Projects\\YPAA Website\\NECYPAA XXXVI\\node_modules\\@cloudflare\\.workerd-windows-64-5vl2kcnc',
488 silly reify   'C:\\Users\\Devin Keehner\\Projects\\YPAA Website\\NECYPAA XXXVI\\node_modules\\@cloudflare\\workers-types': 'C:\\Users\\Devin Keehner\\Projects\\YPAA Website\\NECYPAA XXXVI\\node_modules\\@cloudflare\\.workers-types-DwZb4Gm9',
488 silly reify   'C:\\Users\\Devin Keehner\\Projects\\YPAA Website\\NECYPAA XXXVI\\node_modules\\@cspotcode\\source-map-support': 'C:\\Users\\Devin Keehner\\Projects\\YPAA Website\\NECYPAA XXXVI\\node_modules\\@cspotcode\\.source-map-support-IdHodEhq',
488 silly reify   'C:\\Users\\Devin Keehner\\Projects\\YPAA Website\\NECYPAA XXXVI\\node_modules\\@drizzle-team\\brocli': 'C:\\Users\\Devin Keehner\\Projects\\YPAA Website\\NECYPAA XXXVI\\node_modules\\@drizzle-team\\.brocli-nBNpeObI',
488 silly reify   'C:\\Users\\Devin Keehner\\Projects\\YPAA Website\\NECYPAA XXXVI\\node_modules\\@emnapi\\core': 'C:\\Users\\Devin Keehner\\Projects\\YPAA Website\\NECYPAA XXXVI\\node_modules\\@emnapi\\.core-tjplHuPi',
488 silly reify   'C:\\Users\\Devin Keehner\\Projects\\YPAA Website\\NECYPAA XXXVI\\node_modules\\@emnapi\\wasi-threads': 'C:\\Users\\Devin Keehner\\Projects\\YPAA Website\\NECYPAA XXXVI\\node_modules\\@emnapi\\.wasi-threads-QesKaOGN',
488 silly reify   'C:\\Users\\Devin Keehner\\Projects\\YPAA Website\\NECYPAA XXXVI\\node_modules\\@esbuild-kit\\core-utils': 'C:\\Users\\Devin Keehner\\Projects\\YPAA Website\\NECYPAA XXXVI\\node_modules\\@esbuild-kit\\.core-utils-v3tpNpMC',
488 silly reify   'C:\\Users\\Devin Keehner\\Projects\\YPAA Website\\NECYPAA XXXVI\\node_modules\\@esbuild-kit\\esm-loader': 'C:\\Users\\Devin Keehner\\Projects\\YPAA Website\\NECYPAA XXXVI\\node_modules\\@esbuild-kit\\.esm-loader-QkgTgvt1',
488 silly reify   'C:\\Users\\Devin Keehner\\Projects\\YPAA Website\\NECYPAA XXXVI\\node_modules\\@jridgewell\\source-map': 'C:\\Users\\Devin Keehner\\Projects\\YPAA Website\\NECYPAA XXXVI\\node_modules\\@jridgewell\\.source-map-pt3gPSo9',
488 silly reify   'C:\\Users\\Devin Keehner\\Projects\\YPAA Website\\NECYPAA XXXVI\\node_modules\\@oxc-project\\types': 'C:\\Users\\Devin Keehner\\Projects\\YPAA Website\\NECYPAA XXXVI\\node_modules\\@oxc-project\\.types-TD6LSKPM',
488 silly reify   'C:\\Users\\Devin Keehner\\Projects\\YPAA Website\\NECYPAA XXXVI\\node_modules\\@payloadcms\\db-d1-sqlite': 'C:\\Users\\Devin Keehner\\Projects\\YPAA Website\\NECYPAA XXXVI\\node_modules\\@payloadcms\\.db-d1-sqlite-ktFBImLm',
488 silly reify   'C:\\Users\\Devin Keehner\\Projects\\YPAA Website\\NECYPAA XXXVI\\node_modules\\@payloadcms\\drizzle': 'C:\\Users\\Devin Keehner\\Projects\\YPAA Website\\NECYPAA XXXVI\\node_modules\\@payloadcms\\.drizzle-OCjENJeD',
488 silly reify   'C:\\Users\\Devin Keehner\\Projects\\YPAA Website\\NECYPAA XXXVI\\node_modules\\@payloadcms\\storage-r2': 'C:\\Users\\Devin Keehner\\Projects\\YPAA Website\\NECYPAA XXXVI\\node_modules\\@payloadcms\\.storage-r2-nw4nm2wc',
488 silly reify   'C:\\Users\\Devin Keehner\\Projects\\YPAA Website\\NECYPAA XXXVI\\node_modules\\@poppinss\\colors': 'C:\\Users\\Devin Keehner\\Projects\\YPAA Website\\NECYPAA XXXVI\\node_modules\\@poppinss\\.colors-A5372Owz',
488 silly reify   'C:\\Users\\Devin Keehner\\Projects\\YPAA Website\\NECYPAA XXXVI\\node_modules\\@poppinss\\dumper': 'C:\\Users\\Devin Keehner\\Projects\\YPAA Website\\NECYPAA XXXVI\\node_modules\\@poppinss\\.dumper-6kD014Fz',
488 silly reify   'C:\\Users\\Devin Keehner\\Projects\\YPAA Website\\NECYPAA XXXVI\\node_modules\\@poppinss\\exception': 'C:\\Users\\Devin Keehner\\Projects\\YPAA Website\\NECYPAA XXXVI\\node_modules\\@poppinss\\.exception-J8Sdi2FQ',
488 silly reify   'C:\\Users\\Devin Keehner\\Projects\\YPAA Website\\NECYPAA XXXVI\\node_modules\\@resvg\\resvg-wasm': 'C:\\Users\\Devin Keehner\\Projects\\YPAA Website\\NECYPAA XXXVI\\node_modules\\@resvg\\.resvg-wasm-HluGbEyb',
488 silly reify   'C:\\Users\\Devin Keehner\\Projects\\YPAA Website\\NECYPAA XXXVI\\node_modules\\@rolldown\\binding-win32-x64-msvc': 'C:\\Users\\Devin Keehner\\Projects\\YPAA Website\\NECYPAA XXXVI\\node_modules\\@rolldown\\.binding-win32-x64-msvc-BrFGK6YN',
488 silly reify   'C:\\Users\\Devin Keehner\\Projects\\YPAA Website\\NECYPAA XXXVI\\node_modules\\@rolldown\\pluginutils': 'C:\\Users\\Devin Keehner\\Projects\\YPAA Website\\NECYPAA XXXVI\\node_modules\\@rolldown\\.pluginutils-O062nKek',
488 silly reify   'C:\\Users\\Devin Keehner\\Projects\\YPAA Website\\NECYPAA XXXVI\\node_modules\\@shuding\\opentype.js': 'C:\\Users\\Devin Keehner\\Projects\\YPAA Website\\NECYPAA XXXVI\\node_modules\\@shuding\\.opentype.js-BIFIqzPa',
488 silly reify   'C:\\Users\\Devin Keehner\\Projects\\YPAA Website\\NECYPAA XXXVI\\node_modules\\.bin\\ot': 'C:\\Users\\Devin Keehner\\Projects\\YPAA Website\\NECYPAA XXXVI\\node_modules\\.bin\\.ot-5pvHjNv2',
488 silly reify   'C:\\Users\\Devin Keehner\\Projects\\YPAA Website\\NECYPAA XXXVI\\node_modules\\.bin\\ot.cmd': 'C:\\Users\\Devin Keehner\\Projects\\YPAA Website\\NECYPAA XXXVI\\node_modules\\.bin\\.ot.cmd-DvF583Sh',
488 silly reify   'C:\\Users\\Devin Keehner\\Projects\\YPAA Website\\NECYPAA XXXVI\\node_modules\\.bin\\ot.ps1': 'C:\\Users\\Devin Keehner\\Projects\\YPAA Website\\NECYPAA XXXVI\\node_modules\\.bin\\.ot.ps1-K9xCrqwv',
488 silly reify   'C:\\Users\\Devin Keehner\\Projects\\YPAA Website\\NECYPAA XXXVI\\node_modules\\@sindresorhus\\is': 'C:\\Users\\Devin Keehner\\Projects\\YPAA Website\\NECYPAA XXXVI\\node_modules\\@sindresorhus\\.is-X5rnCrYR',
488 silly reify   'C:\\Users\\Devin Keehner\\Projects\\YPAA Website\\NECYPAA XXXVI\\node_modules\\@speed-highlight\\core': 'C:\\Users\\Devin Keehner\\Projects\\YPAA Website\\NECYPAA XXXVI\\node_modules\\@speed-highlight\\.core-WJWEW4ir',
488 silly reify   'C:\\Users\\Devin Keehner\\Projects\\YPAA Website\\NECYPAA XXXVI\\node_modules\\@tybys\\wasm-util': 'C:\\Users\\Devin Keehner\\Projects\\YPAA Website\\NECYPAA XXXVI\\node_modules\\@tybys\\.wasm-util-57yITCQc',
488 silly reify   'C:\\Users\\Devin Keehner\\Projects\\YPAA Website\\NECYPAA XXXVI\\node_modules\\@types\\eslint': 'C:\\Users\\Devin Keehner\\Projects\\YPAA Website\\NECYPAA XXXVI\\node_modules\\@types\\.eslint-Ya6KwBOP',
488 silly reify   'C:\\Users\\Devin Keehner\\Projects\\YPAA Website\\NECYPAA XXXVI\\node_modules\\@types\\eslint-scope': 'C:\\Users\\Devin Keehner\\Projects\\YPAA Website\\NECYPAA XXXVI\\node_modules\\@types\\.eslint-scope-5JkVPRbm',
488 silly reify   'C:\\Users\\Devin Keehner\\Projects\\YPAA Website\\NECYPAA XXXVI\\node_modules\\@unpic\\core': 'C:\\Users\\Devin Keehner\\Projects\\YPAA Website\\NECYPAA XXXVI\\node_modules\\@unpic\\.core-jVnPXOOF',
488 silly reify   'C:\\Users\\Devin Keehner\\Projects\\YPAA Website\\NECYPAA XXXVI\\node_modules\\@unpic\\react': 'C:\\Users\\Devin Keehner\\Projects\\YPAA Website\\NECYPAA XXXVI\\node_modules\\@unpic\\.react-iCCTHoIq',
488 silly reify   'C:\\Users\\Devin Keehner\\Projects\\YPAA Website\\NECYPAA XXXVI\\node_modules\\@vercel\\og': 'C:\\Users\\Devin Keehner\\Projects\\YPAA Website\\NECYPAA XXXVI\\node_modules\\@vercel\\.og-PbwW2tZ7',
488 silly reify   'C:\\Users\\Devin Keehner\\Projects\\YPAA Website\\NECYPAA XXXVI\\node_modules\\@vitejs\\plugin-react': 'C:\\Users\\Devin Keehner\\Projects\\YPAA Website\\NECYPAA XXXVI\\node_modules\\@vitejs\\.plugin-react-kDyhT3ns',
488 silly reify   'C:\\Users\\Devin Keehner\\Projects\\YPAA Website\\NECYPAA XXXVI\\node_modules\\@vitejs\\plugin-rsc': 'C:\\Users\\Devin Keehner\\Projects\\YPAA Website\\NECYPAA XXXVI\\node_modules\\@vitejs\\.plugin-rsc-N6aJL2CS',
488 silly reify   'C:\\Users\\Devin Keehner\\Projects\\YPAA Website\\NECYPAA XXXVI\\node_modules\\@webassemblyjs\\ast': 'C:\\Users\\Devin Keehner\\Projects\\YPAA Website\\NECYPAA XXXVI\\node_modules\\@webassemblyjs\\.ast-yTCFaWns',
488 silly reify   'C:\\Users\\Devin Keehner\\Projects\\YPAA Website\\NECYPAA XXXVI\\node_modules\\@webassemblyjs\\floating-point-hex-parser': 'C:\\Users\\Devin Keehner\\Projects\\YPAA Website\\NECYPAA XXXVI\\node_modules\\@webassemblyjs\\.floating-point-hex-parser-HSZ6tMK2',
488 silly reify   'C:\\Users\\Devin Keehner\\Projects\\YPAA Website\\NECYPAA XXXVI\\node_modules\\@webassemblyjs\\helper-api-error': 'C:\\Users\\Devin Keehner\\Projects\\YPAA Website\\NECYPAA XXXVI\\node_modules\\@webassemblyjs\\.helper-api-error-TC0IBJwc',
488 silly reify   'C:\\Users\\Devin Keehner\\Projects\\YPAA Website\\NECYPAA XXXVI\\node_modules\\@webassemblyjs\\helper-buffer': 'C:\\Users\\Devin Keehner\\Projects\\YPAA Website\\NECYPAA XXXVI\\node_modules\\@webassemblyjs\\.helper-buffer-yPUpXSyw',
488 silly reify   'C:\\Users\\Devin Keehner\\Projects\\YPAA Website\\NECYPAA XXXVI\\node_modules\\@webassemblyjs\\helper-numbers': 'C:\\Users\\Devin Keehner\\Projects\\YPAA Website\\NECYPAA XXXVI\\node_modules\\@webassemblyjs\\.helper-numbers-LuwXgRq6',
488 silly reify   'C:\\Users\\Devin Keehner\\Projects\\YPAA Website\\NECYPAA XXXVI\\node_modules\\@webassemblyjs\\helper-wasm-bytecode': 'C:\\Users\\Devin Keehner\\Projects\\YPAA Website\\NECYPAA XXXVI\\node_modules\\@webassemblyjs\\.helper-wasm-bytecode-8ReFNRs5',
488 silly reify   'C:\\Users\\Devin Keehner\\Projects\\YPAA Website\\NECYPAA XXXVI\\node_modules\\@webassemblyjs\\helper-wasm-section': 'C:\\Users\\Devin Keehner\\Projects\\YPAA Website\\NECYPAA XXXVI\\node_modules\\@webassemblyjs\\.helper-wasm-section-eeY5X2sY',
488 silly reify   'C:\\Users\\Devin Keehner\\Projects\\YPAA Website\\NECYPAA XXXVI\\node_modules\\@webassemblyjs\\ieee754': 'C:\\Users\\Devin Keehner\\Projects\\YPAA Website\\NECYPAA XXXVI\\node_modules\\@webassemblyjs\\.ieee754-tt12B631',
488 silly reify   'C:\\Users\\Devin Keehner\\Projects\\YPAA Website\\NECYPAA XXXVI\\node_modules\\@webassemblyjs\\leb128': 'C:\\Users\\Devin Keehner\\Projects\\YPAA Website\\NECYPAA XXXVI\\node_modules\\@webassemblyjs\\.leb128-8Od5XZEm',
488 silly reify   'C:\\Users\\Devin Keehner\\Projects\\YPAA Website\\NECYPAA XXXVI\\node_modules\\@webassemblyjs\\utf8': 'C:\\Users\\Devin Keehner\\Projects\\YPAA Website\\NECYPAA XXXVI\\node_modules\\@webassemblyjs\\.utf8-xrQaHCoX',
488 silly reify   'C:\\Users\\Devin Keehner\\Projects\\YPAA Website\\NECYPAA XXXVI\\node_modules\\@webassemblyjs\\wasm-edit': 'C:\\Users\\Devin Keehner\\Projects\\YPAA Website\\NECYPAA XXXVI\\node_modules\\@webassemblyjs\\.wasm-edit-6iYSyEko',
488 silly reify   'C:\\Users\\Devin Keehner\\Projects\\YPAA Website\\NECYPAA XXXVI\\node_modules\\@webassemblyjs\\wasm-gen': 'C:\\Users\\Devin Keehner\\Projects\\YPAA Website\\NECYPAA XXXVI\\node_modules\\@webassemblyjs\\.wasm-gen-8E1rlfLT',
488 silly reify   'C:\\Users\\Devin Keehner\\Projects\\YPAA Website\\NECYPAA XXXVI\\node_modules\\@webassemblyjs\\wasm-opt': 'C:\\Users\\Devin Keehner\\Projects\\YPAA Website\\NECYPAA XXXVI\\node_modules\\@webassemblyjs\\.wasm-opt-S02wuslZ',
488 silly reify   'C:\\Users\\Devin Keehner\\Projects\\YPAA Website\\NECYPAA XXXVI\\node_modules\\@webassemblyjs\\wasm-parser': 'C:\\Users\\Devin Keehner\\Projects\\YPAA Website\\NECYPAA XXXVI\\node_modules\\@webassemblyjs\\.wasm-parser-b4mHXtIF',
488 silly reify   'C:\\Users\\Devin Keehner\\Projects\\YPAA Website\\NECYPAA XXXVI\\node_modules\\@webassemblyjs\\wast-printer': 'C:\\Users\\Devin Keehner\\Projects\\YPAA Website\\NECYPAA XXXVI\\node_modules\\@webassemblyjs\\.wast-printer-8EC33cZu',
488 silly reify   'C:\\Users\\Devin Keehner\\Projects\\YPAA Website\\NECYPAA XXXVI\\node_modules\\@xtuc\\ieee754': 'C:\\Users\\Devin Keehner\\Projects\\YPAA Website\\NECYPAA XXXVI\\node_modules\\@xtuc\\.ieee754-0IhkUKIc',
488 silly reify   'C:\\Users\\Devin Keehner\\Projects\\YPAA Website\\NECYPAA XXXVI\\node_modules\\@xtuc\\long': 'C:\\Users\\Devin Keehner\\Projects\\YPAA Website\\NECYPAA XXXVI\\node_modules\\@xtuc\\.long-OezKKNqj',
488 silly reify   'C:\\Users\\Devin Keehner\\Projects\\YPAA Website\\NECYPAA XXXVI\\node_modules\\acorn-import-phases': 'C:\\Users\\Devin Keehner\\Projects\\YPAA Website\\NECYPAA XXXVI\\node_modules\\.acorn-import-phases-QhlcK3LS',
488 silly reify   'C:\\Users\\Devin Keehner\\Projects\\YPAA Website\\NECYPAA XXXVI\\node_modules\\acorn-loose': 'C:\\Users\\Devin Keehner\\Projects\\YPAA Website\\NECYPAA XXXVI\\node_modules\\.acorn-loose-miz5QdVs',
488 silly reify   'C:\\Users\\Devin Keehner\\Projects\\YPAA Website\\NECYPAA XXXVI\\node_modules\\ajv-formats': 'C:\\Users\\Devin Keehner\\Projects\\YPAA Website\\NECYPAA XXXVI\\node_modules\\.ajv-formats-GYD4UJ6H',
488 silly reify   'C:\\Users\\Devin Keehner\\Projects\\YPAA Website\\NECYPAA XXXVI\\node_modules\\base64-js': 'C:\\Users\\Devin Keehner\\Projects\\YPAA Website\\NECYPAA XXXVI\\node_modules\\.base64-js-RMr0ae6W',
488 silly reify   'C:\\Users\\Devin Keehner\\Projects\\YPAA Website\\NECYPAA XXXVI\\node_modules\\blake3-wasm': 'C:\\Users\\Devin Keehner\\Projects\\YPAA Website\\NECYPAA XXXVI\\node_modules\\.blake3-wasm-V0aNS9l1',
488 silly reify   'C:\\Users\\Devin Keehner\\Projects\\YPAA Website\\NECYPAA XXXVI\\node_modules\\buffer-from': 'C:\\Users\\Devin Keehner\\Projects\\YPAA Website\\NECYPAA XXXVI\\node_modules\\.buffer-from-y37X08g5',
488 silly reify   'C:\\Users\\Devin Keehner\\Projects\\YPAA Website\\NECYPAA XXXVI\\node_modules\\camelize': 'C:\\Users\\Devin Keehner\\Projects\\YPAA Website\\NECYPAA XXXVI\\node_modules\\.camelize-pKhm27rL',
488 silly reify   'C:\\Users\\Devin Keehner\\Projects\\YPAA Website\\NECYPAA XXXVI\\node_modules\\chrome-trace-event': 'C:\\Users\\Devin Keehner\\Projects\\YPAA Website\\NECYPAA XXXVI\\node_modules\\.chrome-trace-event-MSqCLK0b',
488 silly reify   'C:\\Users\\Devin Keehner\\Projects\\YPAA Website\\NECYPAA XXXVI\\node_modules\\cookie': 'C:\\Users\\Devin Keehner\\Projects\\YPAA Website\\NECYPAA XXXVI\\node_modules\\.cookie-UIRJj811',
488 silly reify   'C:\\Users\\Devin Keehner\\Projects\\YPAA Website\\NECYPAA XXXVI\\node_modules\\css-background-parser': 'C:\\Users\\Devin Keehner\\Projects\\YPAA Website\\NECYPAA XXXVI\\node_modules\\.css-background-parser-39EVoidJ',
488 silly reify   'C:\\Users\\Devin Keehner\\Projects\\YPAA Website\\NECYPAA XXXVI\\node_modules\\css-box-shadow': 'C:\\Users\\Devin Keehner\\Projects\\YPAA Website\\NECYPAA XXXVI\\node_modules\\.css-box-shadow-jzlC4RpA',
488 silly reify   'C:\\Users\\Devin Keehner\\Projects\\YPAA Website\\NECYPAA XXXVI\\node_modules\\css-color-keywords': 'C:\\Users\\Devin Keehner\\Projects\\YPAA Website\\NECYPAA XXXVI\\node_modules\\.css-color-keywords-xNnPuK7W',
488 silly reify   'C:\\Users\\Devin Keehner\\Projects\\YPAA Website\\NECYPAA XXXVI\\node_modules\\css-gradient-parser': 'C:\\Users\\Devin Keehner\\Projects\\YPAA Website\\NECYPAA XXXVI\\node_modules\\.css-gradient-parser-mQnaSVP6',
488 silly reify   'C:\\Users\\Devin Keehner\\Projects\\YPAA Website\\NECYPAA XXXVI\\node_modules\\css-to-react-native': 'C:\\Users\\Devin Keehner\\Projects\\YPAA Website\\NECYPAA XXXVI\\node_modules\\.css-to-react-native-mGFbNjlv',
488 silly reify   'C:\\Users\\Devin Keehner\\Projects\\YPAA Website\\NECYPAA XXXVI\\node_modules\\drizzle-kit': 'C:\\Users\\Devin Keehner\\Projects\\YPAA Website\\NECYPAA XXXVI\\node_modules\\.drizzle-kit-Motkofaf',
488 silly reify   'C:\\Users\\Devin Keehner\\Projects\\YPAA Website\\NECYPAA XXXVI\\node_modules\\.bin\\drizzle-kit': 'C:\\Users\\Devin Keehner\\Projects\\YPAA Website\\NECYPAA XXXVI\\node_modules\\.bin\\.drizzle-kit-uXY5yMxQ',
488 silly reify   'C:\\Users\\Devin Keehner\\Projects\\YPAA Website\\NECYPAA XXXVI\\node_modules\\.bin\\drizzle-kit.cmd': 'C:\\Users\\Devin Keehner\\Projects\\YPAA Website\\NECYPAA XXXVI\\node_modules\\.bin\\.drizzle-kit.cmd-CRvuhT0L',
488 silly reify   'C:\\Users\\Devin Keehner\\Projects\\YPAA Website\\NECYPAA XXXVI\\node_modules\\.bin\\drizzle-kit.ps1': 'C:\\Users\\Devin Keehner\\Projects\\YPAA Website\\NECYPAA XXXVI\\node_modules\\.bin\\.drizzle-kit.ps1-sq3WY8Jn',
488 silly reify   'C:\\Users\\Devin Keehner\\Projects\\YPAA Website\\NECYPAA XXXVI\\node_modules\\drizzle-orm': 'C:\\Users\\Devin Keehner\\Projects\\YPAA Website\\NECYPAA XXXVI\\node_modules\\.drizzle-orm-PEg9zWAo',
488 silly reify   'C:\\Users\\Devin Keehner\\Projects\\YPAA Website\\NECYPAA XXXVI\\node_modules\\emoji-regex-xs': 'C:\\Users\\Devin Keehner\\Projects\\YPAA Website\\NECYPAA XXXVI\\node_modules\\.emoji-regex-xs-LBKl8cXi',
488 silly reify   'C:\\Users\\Devin Keehner\\Projects\\YPAA Website\\NECYPAA XXXVI\\node_modules\\error-stack-parser-es': 'C:\\Users\\Devin Keehner\\Projects\\YPAA Website\\NECYPAA XXXVI\\node_modules\\.error-stack-parser-es-8cyWA4uZ',
488 silly reify   'C:\\Users\\Devin Keehner\\Projects\\YPAA Website\\NECYPAA XXXVI\\node_modules\\es-module-lexer': 'C:\\Users\\Devin Keehner\\Projects\\YPAA Website\\NECYPAA XXXVI\\node_modules\\.es-module-lexer-YPZui01X',
488 silly reify   'C:\\Users\\Devin Keehner\\Projects\\YPAA Website\\NECYPAA XXXVI\\node_modules\\esbuild-register': 'C:\\Users\\Devin Keehner\\Projects\\YPAA Website\\NECYPAA XXXVI\\node_modules\\.esbuild-register-5GHWU1n6',
488 silly reify   'C:\\Users\\Devin Keehner\\Projects\\YPAA Website\\NECYPAA XXXVI\\node_modules\\estree-walker': 'C:\\Users\\Devin Keehner\\Projects\\YPAA Website\\NECYPAA XXXVI\\node_modules\\.estree-walker-GFsPrGX1',
488 silly reify   'C:\\Users\\Devin Keehner\\Projects\\YPAA Website\\NECYPAA XXXVI\\node_modules\\fflate': 'C:\\Users\\Devin Keehner\\Projects\\YPAA Website\\NECYPAA XXXVI\\node_modules\\.fflate-aSoEY1EV',
488 silly reify   'C:\\Users\\Devin Keehner\\Projects\\YPAA Website\\NECYPAA XXXVI\\node_modules\\glob-to-regexp': 'C:\\Users\\Devin Keehner\\Projects\\YPAA Website\\NECYPAA XXXVI\\node_modules\\.glob-to-regexp-aCmppvTs',
488 silly reify   'C:\\Users\\Devin Keehner\\Projects\\YPAA Website\\NECYPAA XXXVI\\node_modules\\globrex': 'C:\\Users\\Devin Keehner\\Projects\\YPAA Website\\NECYPAA XXXVI\\node_modules\\.globrex-NwY9yllW',
488 silly reify   'C:\\Users\\Devin Keehner\\Projects\\YPAA Website\\NECYPAA XXXVI\\node_modules\\hex-rgb': 'C:\\Users\\Devin Keehner\\Projects\\YPAA Website\\NECYPAA XXXVI\\node_modules\\.hex-rgb-Vf1GJ8X8',
488 silly reify   'C:\\Users\\Devin Keehner\\Projects\\YPAA Website\\NECYPAA XXXVI\\node_modules\\image-size': 'C:\\Users\\Devin Keehner\\Projects\\YPAA Website\\NECYPAA XXXVI\\node_modules\\.image-size-3utZEPrB',
488 silly reify   'C:\\Users\\Devin Keehner\\Projects\\YPAA Website\\NECYPAA XXXVI\\node_modules\\.bin\\image-size': 'C:\\Users\\Devin Keehner\\Projects\\YPAA Website\\NECYPAA XXXVI\\node_modules\\.bin\\.image-size-X9mPVlnI',
488 silly reify   'C:\\Users\\Devin Keehner\\Projects\\YPAA Website\\NECYPAA XXXVI\\node_modules\\.bin\\image-size.cmd': 'C:\\Users\\Devin Keehner\\Projects\\YPAA Website\\NECYPAA XXXVI\\node_modules\\.bin\\.image-size.cmd-Jl4XCrAf',
488 silly reify   'C:\\Users\\Devin Keehner\\Projects\\YPAA Website\\NECYPAA XXXVI\\node_modules\\.bin\\image-size.ps1': 'C:\\Users\\Devin Keehner\\Projects\\YPAA Website\\NECYPAA XXXVI\\node_modules\\.bin\\.image-size.ps1-V23rzXzj',
488 silly reify   'C:\\Users\\Devin Keehner\\Projects\\YPAA Website\\NECYPAA XXXVI\\node_modules\\ipaddr.js': 'C:\\Users\\Devin Keehner\\Projects\\YPAA Website\\NECYPAA XXXVI\\node_modules\\.ipaddr.js-vHl4wTay',
488 silly reify   'C:\\Users\\Devin Keehner\\Projects\\YPAA Website\\NECYPAA XXXVI\\node_modules\\jest-worker': 'C:\\Users\\Devin Keehner\\Projects\\YPAA Website\\NECYPAA XXXVI\\node_modules\\.jest-worker-Zcd4i3WN',
488 silly reify   'C:\\Users\\Devin Keehner\\Projects\\YPAA Website\\NECYPAA XXXVI\\node_modules\\kleur': 'C:\\Users\\Devin Keehner\\Projects\\YPAA Website\\NECYPAA XXXVI\\node_modules\\.kleur-c796h2Ow',
488 silly reify   'C:\\Users\\Devin Keehner\\Projects\\YPAA Website\\NECYPAA XXXVI\\node_modules\\linebreak': 'C:\\Users\\Devin Keehner\\Projects\\YPAA Website\\NECYPAA XXXVI\\node_modules\\.linebreak-Qq4MzU88',
488 silly reify   'C:\\Users\\Devin Keehner\\Projects\\YPAA Website\\NECYPAA XXXVI\\node_modules\\loader-runner': 'C:\\Users\\Devin Keehner\\Projects\\YPAA Website\\NECYPAA XXXVI\\node_modules\\.loader-runner-4OqVC655',
488 silly reify   'C:\\Users\\Devin Keehner\\Projects\\YPAA Website\\NECYPAA XXXVI\\node_modules\\merge-stream': 'C:\\Users\\Devin Keehner\\Projects\\YPAA Website\\NECYPAA XXXVI\\node_modules\\.merge-stream-El0geqDF',
488 silly reify   'C:\\Users\\Devin Keehner\\Projects\\YPAA Website\\NECYPAA XXXVI\\node_modules\\mime-db': 'C:\\Users\\Devin Keehner\\Projects\\YPAA Website\\NECYPAA XXXVI\\node_modules\\.mime-db-BTCGV8lq',
488 silly reify   'C:\\Users\\Devin Keehner\\Projects\\YPAA Website\\NECYPAA XXXVI\\node_modules\\miniflare': 'C:\\Users\\Devin Keehner\\Projects\\YPAA Website\\NECYPAA XXXVI\\node_modules\\.miniflare-xMeQ5t7v',
488 silly reify   'C:\\Users\\Devin Keehner\\Projects\\YPAA Website\\NECYPAA XXXVI\\node_modules\\.bin\\miniflare': 'C:\\Users\\Devin Keehner\\Projects\\YPAA Website\\NECYPAA XXXVI\\node_modules\\.bin\\.miniflare-PhvtxR54',
488 silly reify   'C:\\Users\\Devin Keehner\\Projects\\YPAA Website\\NECYPAA XXXVI\\node_modules\\.bin\\miniflare.cmd': 'C:\\Users\\Devin Keehner\\Projects\\YPAA Website\\NECYPAA XXXVI\\node_modules\\.bin\\.miniflare.cmd-hqyR6KUk',
488 silly reify   'C:\\Users\\Devin Keehner\\Projects\\YPAA Website\\NECYPAA XXXVI\\node_modules\\.bin\\miniflare.ps1': 'C:\\Users\\Devin Keehner\\Projects\\YPAA Website\\NECYPAA XXXVI\\node_modules\\.bin\\.miniflare.ps1-HI3TuwLX',
488 silly reify   'C:\\Users\\Devin Keehner\\Projects\\YPAA Website\\NECYPAA XXXVI\\node_modules\\neo-async': 'C:\\Users\\Devin Keehner\\Projects\\YPAA Website\\NECYPAA XXXVI\\node_modules\\.neo-async-6iNHbVzq',
488 silly reify   'C:\\Users\\Devin Keehner\\Projects\\YPAA Website\\NECYPAA XXXVI\\node_modules\\pako': 'C:\\Users\\Devin Keehner\\Projects\\YPAA Website\\NECYPAA XXXVI\\node_modules\\.pako-JPzZiXKF',
488 silly reify   'C:\\Users\\Devin Keehner\\Projects\\YPAA Website\\NECYPAA XXXVI\\node_modules\\parse-css-color': 'C:\\Users\\Devin Keehner\\Projects\\YPAA Website\\NECYPAA XXXVI\\node_modules\\.parse-css-color-F4dYHq9B',
488 silly reify   'C:\\Users\\Devin Keehner\\Projects\\YPAA Website\\NECYPAA XXXVI\\node_modules\\pathe': 'C:\\Users\\Devin Keehner\\Projects\\YPAA Website\\NECYPAA XXXVI\\node_modules\\.pathe-UJHGVhA5',
488 silly reify   'C:\\Users\\Devin Keehner\\Projects\\YPAA Website\\NECYPAA XXXVI\\node_modules\\postcss-value-parser': 'C:\\Users\\Devin Keehner\\Projects\\YPAA Website\\NECYPAA XXXVI\\node_modules\\.postcss-value-parser-bnZUIGv4',
488 silly reify   'C:\\Users\\Devin Keehner\\Projects\\YPAA Website\\NECYPAA XXXVI\\node_modules\\react-server-dom-webpack': 'C:\\Users\\Devin Keehner\\Projects\\YPAA Website\\NECYPAA XXXVI\\node_modules\\.react-server-dom-webpack-1smC5Yy5',
488 silly reify   'C:\\Users\\Devin Keehner\\Projects\\YPAA Website\\NECYPAA XXXVI\\node_modules\\rolldown': 'C:\\Users\\Devin Keehner\\Projects\\YPAA Website\\NECYPAA XXXVI\\node_modules\\.rolldown-yVNoI8pA',
488 silly reify   'C:\\Users\\Devin Keehner\\Projects\\YPAA Website\\NECYPAA XXXVI\\node_modules\\.bin\\rolldown': 'C:\\Users\\Devin Keehner\\Projects\\YPAA Website\\NECYPAA XXXVI\\node_modules\\.bin\\.rolldown-Tokv32eN',
488 silly reify   'C:\\Users\\Devin Keehner\\Projects\\YPAA Website\\NECYPAA XXXVI\\node_modules\\.bin\\rolldown.cmd': 'C:\\Users\\Devin Keehner\\Projects\\YPAA Website\\NECYPAA XXXVI\\node_modules\\.bin\\.rolldown.cmd-sDDdoibD',
488 silly reify   'C:\\Users\\Devin Keehner\\Projects\\YPAA Website\\NECYPAA XXXVI\\node_modules\\.bin\\rolldown.ps1': 'C:\\Users\\Devin Keehner\\Projects\\YPAA Website\\NECYPAA XXXVI\\node_modules\\.bin\\.rolldown.ps1-lOQlRJa3',
488 silly reify   'C:\\Users\\Devin Keehner\\Projects\\YPAA Website\\NECYPAA XXXVI\\node_modules\\satori': 'C:\\Users\\Devin Keehner\\Projects\\YPAA Website\\NECYPAA XXXVI\\node_modules\\.satori-QxTLgjgi',
488 silly reify   'C:\\Users\\Devin Keehner\\Projects\\YPAA Website\\NECYPAA XXXVI\\node_modules\\schema-utils': 'C:\\Users\\Devin Keehner\\Projects\\YPAA Website\\NECYPAA XXXVI\\node_modules\\.schema-utils-q8g7C0Kv',
488 silly reify   'C:\\Users\\Devin Keehner\\Projects\\YPAA Website\\NECYPAA XXXVI\\node_modules\\source-map': 'C:\\Users\\Devin Keehner\\Projects\\YPAA Website\\NECYPAA XXXVI\\node_modules\\.source-map-hNIXuDX4',
488 silly reify   'C:\\Users\\Devin Keehner\\Projects\\YPAA Website\\NECYPAA XXXVI\\node_modules\\source-map-support': 'C:\\Users\\Devin Keehner\\Projects\\YPAA Website\\NECYPAA XXXVI\\node_modules\\.source-map-support-qZgwhtiN',
488 silly reify   'C:\\Users\\Devin Keehner\\Projects\\YPAA Website\\NECYPAA XXXVI\\node_modules\\srvx': 'C:\\Users\\Devin Keehner\\Projects\\YPAA Website\\NECYPAA XXXVI\\node_modules\\.srvx-Pn2c6d0p',
488 silly reify   'C:\\Users\\Devin Keehner\\Projects\\YPAA Website\\NECYPAA XXXVI\\node_modules\\.bin\\srvx': 'C:\\Users\\Devin Keehner\\Projects\\YPAA Website\\NECYPAA XXXVI\\node_modules\\.bin\\.srvx-2q413Tig',
488 silly reify   'C:\\Users\\Devin Keehner\\Projects\\YPAA Website\\NECYPAA XXXVI\\node_modules\\.bin\\srvx.cmd': 'C:\\Users\\Devin Keehner\\Projects\\YPAA Website\\NECYPAA XXXVI\\node_modules\\.bin\\.srvx.cmd-xITpxpw2',
488 silly reify   'C:\\Users\\Devin Keehner\\Projects\\YPAA Website\\NECYPAA XXXVI\\node_modules\\.bin\\srvx.ps1': 'C:\\Users\\Devin Keehner\\Projects\\YPAA Website\\NECYPAA XXXVI\\node_modules\\.bin\\.srvx.ps1-zRZkRgIm',
488 silly reify   'C:\\Users\\Devin Keehner\\Projects\\YPAA Website\\NECYPAA XXXVI\\node_modules\\string.prototype.codepointat': 'C:\\Users\\Devin Keehner\\Projects\\YPAA Website\\NECYPAA XXXVI\\node_modules\\.string.prototype.codepointat-6QJAHHWT',
488 silly reify   'C:\\Users\\Devin Keehner\\Projects\\YPAA Website\\NECYPAA XXXVI\\node_modules\\strip-literal': 'C:\\Users\\Devin Keehner\\Projects\\YPAA Website\\NECYPAA XXXVI\\node_modules\\.strip-literal-eRKgPGPf',
488 silly reify   'C:\\Users\\Devin Keehner\\Projects\\YPAA Website\\NECYPAA XXXVI\\node_modules\\terser': 'C:\\Users\\Devin Keehner\\Projects\\YPAA Website\\NECYPAA XXXVI\\node_modules\\.terser-MJ2uGv74',
488 silly reify   'C:\\Users\\Devin Keehner\\Projects\\YPAA Website\\NECYPAA XXXVI\\node_modules\\.bin\\terser': 'C:\\Users\\Devin Keehner\\Projects\\YPAA Website\\NECYPAA XXXVI\\node_modules\\.bin\\.terser-g1avCYPm',
488 silly reify   'C:\\Users\\Devin Keehner\\Projects\\YPAA Website\\NECYPAA XXXVI\\node_modules\\.bin\\terser.cmd': 'C:\\Users\\Devin Keehner\\Projects\\YPAA Website\\NECYPAA XXXVI\\node_modules\\.bin\\.terser.cmd-Jgv7ycQW',
488 silly reify   'C:\\Users\\Devin Keehner\\Projects\\YPAA Website\\NECYPAA XXXVI\\node_modules\\.bin\\terser.ps1': 'C:\\Users\\Devin Keehner\\Projects\\YPAA Website\\NECYPAA XXXVI\\node_modules\\.bin\\.terser.ps1-S3UQfLSs',
488 silly reify   'C:\\Users\\Devin Keehner\\Projects\\YPAA Website\\NECYPAA XXXVI\\node_modules\\terser-webpack-plugin': 'C:\\Users\\Devin Keehner\\Projects\\YPAA Website\\NECYPAA XXXVI\\node_modules\\.terser-webpack-plugin-8qSQx0N1',
488 silly reify   'C:\\Users\\Devin Keehner\\Projects\\YPAA Website\\NECYPAA XXXVI\\node_modules\\tiny-inflate': 'C:\\Users\\Devin Keehner\\Projects\\YPAA Website\\NECYPAA XXXVI\\node_modules\\.tiny-inflate-2ss5cwqn',
488 silly reify   'C:\\Users\\Devin Keehner\\Projects\\YPAA Website\\NECYPAA XXXVI\\node_modules\\to-no-case': 'C:\\Users\\Devin Keehner\\Projects\\YPAA Website\\NECYPAA XXXVI\\node_modules\\.to-no-case-b2bicFu7',
488 silly reify   'C:\\Users\\Devin Keehner\\Projects\\YPAA Website\\NECYPAA XXXVI\\node_modules\\to-snake-case': 'C:\\Users\\Devin Keehner\\Projects\\YPAA Website\\NECYPAA XXXVI\\node_modules\\.to-snake-case-yx16nvLa',
488 silly reify   'C:\\Users\\Devin Keehner\\Projects\\YPAA Website\\NECYPAA XXXVI\\node_modules\\to-space-case': 'C:\\Users\\Devin Keehner\\Projects\\YPAA Website\\NECYPAA XXXVI\\node_modules\\.to-space-case-vc0qaMCr',
488 silly reify   'C:\\Users\\Devin Keehner\\Projects\\YPAA Website\\NECYPAA XXXVI\\node_modules\\tsconfck': 'C:\\Users\\Devin Keehner\\Projects\\YPAA Website\\NECYPAA XXXVI\\node_modules\\.tsconfck-Ko1lmiwo',
488 silly reify   'C:\\Users\\Devin Keehner\\Projects\\YPAA Website\\NECYPAA XXXVI\\node_modules\\.bin\\tsconfck': 'C:\\Users\\Devin Keehner\\Projects\\YPAA Website\\NECYPAA XXXVI\\node_modules\\.bin\\.tsconfck-xc2rWNfc',
488 silly reify   'C:\\Users\\Devin Keehner\\Projects\\YPAA Website\\NECYPAA XXXVI\\node_modules\\.bin\\tsconfck.cmd': 'C:\\Users\\Devin Keehner\\Projects\\YPAA Website\\NECYPAA XXXVI\\node_modules\\.bin\\.tsconfck.cmd-N0DZCQsY',
488 silly reify   'C:\\Users\\Devin Keehner\\Projects\\YPAA Website\\NECYPAA XXXVI\\node_modules\\.bin\\tsconfck.ps1': 'C:\\Users\\Devin Keehner\\Projects\\YPAA Website\\NECYPAA XXXVI\\node_modules\\.bin\\.tsconfck.ps1-zbKOf6CZ',
488 silly reify   'C:\\Users\\Devin Keehner\\Projects\\YPAA Website\\NECYPAA XXXVI\\node_modules\\turbo-stream': 'C:\\Users\\Devin Keehner\\Projects\\YPAA Website\\NECYPAA XXXVI\\node_modules\\.turbo-stream-FiKayRUs',
488 silly reify   'C:\\Users\\Devin Keehner\\Projects\\YPAA Website\\NECYPAA XXXVI\\node_modules\\undici': 'C:\\Users\\Devin Keehner\\Projects\\YPAA Website\\NECYPAA XXXVI\\node_modules\\.undici-JqrAAxTB',
488 silly reify   'C:\\Users\\Devin Keehner\\Projects\\YPAA Website\\NECYPAA XXXVI\\node_modules\\unenv': 'C:\\Users\\Devin Keehner\\Projects\\YPAA Website\\NECYPAA XXXVI\\node_modules\\.unenv-3s7helKO',
488 silly reify   'C:\\Users\\Devin Keehner\\Projects\\YPAA Website\\NECYPAA XXXVI\\node_modules\\unicode-trie': 'C:\\Users\\Devin Keehner\\Projects\\YPAA Website\\NECYPAA XXXVI\\node_modules\\.unicode-trie-G4BMwwW7',
488 silly reify   'C:\\Users\\Devin Keehner\\Projects\\YPAA Website\\NECYPAA XXXVI\\node_modules\\unpic': 'C:\\Users\\Devin Keehner\\Projects\\YPAA Website\\NECYPAA XXXVI\\node_modules\\.unpic-ATq4SsP6',
488 silly reify   'C:\\Users\\Devin Keehner\\Projects\\YPAA Website\\NECYPAA XXXVI\\node_modules\\vinext': 'C:\\Users\\Devin Keehner\\Projects\\YPAA Website\\NECYPAA XXXVI\\node_modules\\.vinext-Kehpp15g',
488 silly reify   'C:\\Users\\Devin Keehner\\Projects\\YPAA Website\\NECYPAA XXXVI\\node_modules\\.bin\\vinext': 'C:\\Users\\Devin Keehner\\Projects\\YPAA Website\\NECYPAA XXXVI\\node_modules\\.bin\\.vinext-W4meWrg5',
488 silly reify   'C:\\Users\\Devin Keehner\\Projects\\YPAA Website\\NECYPAA XXXVI\\node_modules\\.bin\\vinext.cmd': 'C:\\Users\\Devin Keehner\\Projects\\YPAA Website\\NECYPAA XXXVI\\node_modules\\.bin\\.vinext.cmd-2D5Vj8Tw',
488 silly reify   'C:\\Users\\Devin Keehner\\Projects\\YPAA Website\\NECYPAA XXXVI\\node_modules\\.bin\\vinext.ps1': 'C:\\Users\\Devin Keehner\\Projects\\YPAA Website\\NECYPAA XXXVI\\node_modules\\.bin\\.vinext.ps1-7fsYaJKF',
488 silly reify   'C:\\Users\\Devin Keehner\\Projects\\YPAA Website\\NECYPAA XXXVI\\node_modules\\vite': 'C:\\Users\\Devin Keehner\\Projects\\YPAA Website\\NECYPAA XXXVI\\node_modules\\.vite-Cb1OIgDW',
488 silly reify   'C:\\Users\\Devin Keehner\\Projects\\YPAA Website\\NECYPAA XXXVI\\node_modules\\.bin\\vite': 'C:\\Users\\Devin Keehner\\Projects\\YPAA Website\\NECYPAA XXXVI\\node_modules\\.bin\\.vite-d8fhYxto',
488 silly reify   'C:\\Users\\Devin Keehner\\Projects\\YPAA Website\\NECYPAA XXXVI\\node_modules\\.bin\\vite.cmd': 'C:\\Users\\Devin Keehner\\Projects\\YPAA Website\\NECYPAA XXXVI\\node_modules\\.bin\\.vite.cmd-PopeEvic',
488 silly reify   'C:\\Users\\Devin Keehner\\Projects\\YPAA Website\\NECYPAA XXXVI\\node_modules\\.bin\\vite.ps1': 'C:\\Users\\Devin Keehner\\Projects\\YPAA Website\\NECYPAA XXXVI\\node_modules\\.bin\\.vite.ps1-aBNTxNg1',
488 silly reify   'C:\\Users\\Devin Keehner\\Projects\\YPAA Website\\NECYPAA XXXVI\\node_modules\\vite-plugin-commonjs': 'C:\\Users\\Devin Keehner\\Projects\\YPAA Website\\NECYPAA XXXVI\\node_modules\\.vite-plugin-commonjs-HNgpDDXD',
488 silly reify   'C:\\Users\\Devin Keehner\\Projects\\YPAA Website\\NECYPAA XXXVI\\node_modules\\vite-plugin-dynamic-import': 'C:\\Users\\Devin Keehner\\Projects\\YPAA Website\\NECYPAA XXXVI\\node_modules\\.vite-plugin-dynamic-import-kO6p3nua',
488 silly reify   'C:\\Users\\Devin Keehner\\Projects\\YPAA Website\\NECYPAA XXXVI\\node_modules\\vite-tsconfig-paths': 'C:\\Users\\Devin Keehner\\Projects\\YPAA Website\\NECYPAA XXXVI\\node_modules\\.vite-tsconfig-paths-l42xRPjR',
488 silly reify   'C:\\Users\\Devin Keehner\\Projects\\YPAA Website\\NECYPAA XXXVI\\node_modules\\vitefu': 'C:\\Users\\Devin Keehner\\Projects\\YPAA Website\\NECYPAA XXXVI\\node_modules\\.vitefu-WJWD7lIr',
488 silly reify   'C:\\Users\\Devin Keehner\\Projects\\YPAA Website\\NECYPAA XXXVI\\node_modules\\watchpack': 'C:\\Users\\Devin Keehner\\Projects\\YPAA Website\\NECYPAA XXXVI\\node_modules\\.watchpack-6kcQsxMI',
488 silly reify   'C:\\Users\\Devin Keehner\\Projects\\YPAA Website\\NECYPAA XXXVI\\node_modules\\web-vitals': 'C:\\Users\\Devin Keehner\\Projects\\YPAA Website\\NECYPAA XXXVI\\node_modules\\.web-vitals-YQCg82rx',
488 silly reify   'C:\\Users\\Devin Keehner\\Projects\\YPAA Website\\NECYPAA XXXVI\\node_modules\\webpack': 'C:\\Users\\Devin Keehner\\Projects\\YPAA Website\\NECYPAA XXXVI\\node_modules\\.webpack-nfxKS97W',
488 silly reify   'C:\\Users\\Devin Keehner\\Projects\\YPAA Website\\NECYPAA XXXVI\\node_modules\\.bin\\webpack': 'C:\\Users\\Devin Keehner\\Projects\\YPAA Website\\NECYPAA XXXVI\\node_modules\\.bin\\.webpack-s8QYtnn3',
488 silly reify   'C:\\Users\\Devin Keehner\\Projects\\YPAA Website\\NECYPAA XXXVI\\node_modules\\.bin\\webpack.cmd': 'C:\\Users\\Devin Keehner\\Projects\\YPAA Website\\NECYPAA XXXVI\\node_modules\\.bin\\.webpack.cmd-9B8fcLI2',
488 silly reify   'C:\\Users\\Devin Keehner\\Projects\\YPAA Website\\NECYPAA XXXVI\\node_modules\\.bin\\webpack.ps1': 'C:\\Users\\Devin Keehner\\Projects\\YPAA Website\\NECYPAA XXXVI\\node_modules\\.bin\\.webpack.ps1-m0QMjkuw',
488 silly reify   'C:\\Users\\Devin Keehner\\Projects\\YPAA Website\\NECYPAA XXXVI\\node_modules\\webpack-sources': 'C:\\Users\\Devin Keehner\\Projects\\YPAA Website\\NECYPAA XXXVI\\node_modules\\.webpack-sources-k80yhiF0',
488 silly reify   'C:\\Users\\Devin Keehner\\Projects\\YPAA Website\\NECYPAA XXXVI\\node_modules\\workerd': 'C:\\Users\\Devin Keehner\\Projects\\YPAA Website\\NECYPAA XXXVI\\node_modules\\.workerd-EUTWO6NS',
488 silly reify   'C:\\Users\\Devin Keehner\\Projects\\YPAA Website\\NECYPAA XXXVI\\node_modules\\.bin\\workerd': 'C:\\Users\\Devin Keehner\\Projects\\YPAA Website\\NECYPAA XXXVI\\node_modules\\.bin\\.workerd-EzGjUTd0',
488 silly reify   'C:\\Users\\Devin Keehner\\Projects\\YPAA Website\\NECYPAA XXXVI\\node_modules\\.bin\\workerd.cmd': 'C:\\Users\\Devin Keehner\\Projects\\YPAA Website\\NECYPAA XXXVI\\node_modules\\.bin\\.workerd.cmd-E84jPcQ8',
488 silly reify   'C:\\Users\\Devin Keehner\\Projects\\YPAA Website\\NECYPAA XXXVI\\node_modules\\.bin\\workerd.ps1': 'C:\\Users\\Devin Keehner\\Projects\\YPAA Website\\NECYPAA XXXVI\\node_modules\\.bin\\.workerd.ps1-OaP7C5ZB',
488 silly reify   'C:\\Users\\Devin Keehner\\Projects\\YPAA Website\\NECYPAA XXXVI\\node_modules\\wrangler': 'C:\\Users\\Devin Keehner\\Projects\\YPAA Website\\NECYPAA XXXVI\\node_modules\\.wrangler-T6qazYVC',
488 silly reify   'C:\\Users\\Devin Keehner\\Projects\\YPAA Website\\NECYPAA XXXVI\\node_modules\\.bin\\wrangler': 'C:\\Users\\Devin Keehner\\Projects\\YPAA Website\\NECYPAA XXXVI\\node_modules\\.bin\\.wrangler-6nF51Hm0',
488 silly reify   'C:\\Users\\Devin Keehner\\Projects\\YPAA Website\\NECYPAA XXXVI\\node_modules\\.bin\\wrangler.cmd': 'C:\\Users\\Devin Keehner\\Projects\\YPAA Website\\NECYPAA XXXVI\\node_modules\\.bin\\.wrangler.cmd-qMbOSH9D',
488 silly reify   'C:\\Users\\Devin Keehner\\Projects\\YPAA Website\\NECYPAA XXXVI\\node_modules\\.bin\\wrangler.ps1': 'C:\\Users\\Devin Keehner\\Projects\\YPAA Website\\NECYPAA XXXVI\\node_modules\\.bin\\.wrangler.ps1-JDinPvmE',
488 silly reify   'C:\\Users\\Devin Keehner\\Projects\\YPAA Website\\NECYPAA XXXVI\\node_modules\\.bin\\wrangler2': 'C:\\Users\\Devin Keehner\\Projects\\YPAA Website\\NECYPAA XXXVI\\node_modules\\.bin\\.wrangler2-Xq8WiS2D',
488 silly reify   'C:\\Users\\Devin Keehner\\Projects\\YPAA Website\\NECYPAA XXXVI\\node_modules\\.bin\\wrangler2.cmd': 'C:\\Users\\Devin Keehner\\Projects\\YPAA Website\\NECYPAA XXXVI\\node_modules\\.bin\\.wrangler2.cmd-BbCw6yfB',
488 silly reify   'C:\\Users\\Devin Keehner\\Projects\\YPAA Website\\NECYPAA XXXVI\\node_modules\\.bin\\wrangler2.ps1': 'C:\\Users\\Devin Keehner\\Projects\\YPAA Website\\NECYPAA XXXVI\\node_modules\\.bin\\.wrangler2.ps1-l1bkoKDm',
488 silly reify   'C:\\Users\\Devin Keehner\\Projects\\YPAA Website\\NECYPAA XXXVI\\node_modules\\yoga-layout': 'C:\\Users\\Devin Keehner\\Projects\\YPAA Website\\NECYPAA XXXVI\\node_modules\\.yoga-layout-W10b3GW5',
488 silly reify   'C:\\Users\\Devin Keehner\\Projects\\YPAA Website\\NECYPAA XXXVI\\node_modules\\youch': 'C:\\Users\\Devin Keehner\\Projects\\YPAA Website\\NECYPAA XXXVI\\node_modules\\.youch-ODYZ3ZXu',
488 silly reify   'C:\\Users\\Devin Keehner\\Projects\\YPAA Website\\NECYPAA XXXVI\\node_modules\\youch-core': 'C:\\Users\\Devin Keehner\\Projects\\YPAA Website\\NECYPAA XXXVI\\node_modules\\.youch-core-cyBOSL9S'
488 silly reify }
489 http cache webidl-conversions@https://registry.npmjs.org/webidl-conversions/-/webidl-conversions-7.0.0.tgz 0ms (cache hit)
490 http cache tr46@https://registry.npmjs.org/tr46/-/tr46-5.1.1.tgz 0ms (cache hit)
491 http cache safe-buffer@https://registry.npmjs.org/safe-buffer/-/safe-buffer-5.2.1.tgz 0ms (cache hit)
492 http cache util-deprecate@https://registry.npmjs.org/util-deprecate/-/util-deprecate-1.0.2.tgz 0ms (cache hit)
493 http cache string_decoder@https://registry.npmjs.org/string_decoder/-/string_decoder-1.3.0.tgz 0ms (cache hit)
494 http cache inherits@https://registry.npmjs.org/inherits/-/inherits-2.0.4.tgz 0ms (cache hit)
495 http cache readable-stream@https://registry.npmjs.org/readable-stream/-/readable-stream-3.6.2.tgz 0ms (cache hit)
496 http cache memory-pager@https://registry.npmjs.org/memory-pager/-/memory-pager-1.5.0.tgz 0ms (cache hit)
497 http cache @types/webidl-conversions@https://registry.npmjs.org/@types/webidl-conversions/-/webidl-conversions-7.0.3.tgz 0ms (cache hit)
498 http cache @types/whatwg-url@https://registry.npmjs.org/@types/whatwg-url/-/whatwg-url-11.0.5.tgz 0ms (cache hit)
499 http cache mongoose-lean-virtuals@https://registry.npmjs.org/mongoose-lean-virtuals/-/mongoose-lean-virtuals-1.1.1.tgz 0ms (cache hit)
500 http cache whatwg-url@https://registry.npmjs.org/whatwg-url/-/whatwg-url-14.2.0.tgz 0ms (cache hit)
501 http cache @mongodb-js/saslprep@https://registry.npmjs.org/@mongodb-js/saslprep/-/saslprep-1.4.13.tgz 0ms (cache hit)
502 http cache mongodb-connection-string-url@https://registry.npmjs.org/mongodb-connection-string-url/-/mongodb-connection-string-url-3.0.2.tgz 0ms (cache hit)
503 http cache sparse-bitfield@https://registry.npmjs.org/sparse-bitfield/-/sparse-bitfield-3.0.3.tgz 0ms (cache hit)
504 http cache mquery@https://registry.npmjs.org/mquery/-/mquery-5.0.0.tgz 0ms (cache hit)
505 http cache mongodb@https://registry.npmjs.org/mongodb/-/mongodb-6.20.0.tgz 0ms (cache hit)
506 http cache sift@https://registry.npmjs.org/sift/-/sift-17.1.3.tgz 0ms (cache hit)
507 http cache mpath@https://registry.npmjs.org/mpath/-/mpath-0.9.0.tgz 0ms (cache hit)
508 http cache bson@https://registry.npmjs.org/bson/-/bson-6.10.4.tgz 0ms (cache hit)
509 http cache kareem@https://registry.npmjs.org/kareem/-/kareem-2.6.3.tgz 0ms (cache hit)
510 http cache @aws-sdk/token-providers@https://registry.npmjs.org/@aws-sdk/token-providers/-/token-providers-3.1111.0.tgz 0ms (cache hit)
511 http cache stream-browserify@https://registry.npmjs.org/stream-browserify/-/stream-browserify-3.0.0.tgz 0ms (cache hit)
512 http cache buffer@https://registry.npmjs.org/buffer/-/buffer-5.6.0.tgz 0ms (cache hit)
513 http cache @smithy/credential-provider-imds@https://registry.npmjs.org/@smithy/credential-provider-imds/-/credential-provider-imds-4.5.2.tgz 0ms (cache hit)
514 http cache @aws-sdk/nested-clients@https://registry.npmjs.org/@aws-sdk/nested-clients/-/nested-clients-3.997.43.tgz 0ms (cache hit)
515 http cache @aws-sdk/credential-provider-login@https://registry.npmjs.org/@aws-sdk/credential-provider-login/-/credential-provider-login-3.972.76.tgz 0ms (cache hit)
516 http cache @aws-sdk/credential-provider-web-identity@https://registry.npmjs.org/@aws-sdk/credential-provider-web-identity/-/credential-provider-web-identity-3.972.75.tgz 0ms (cache hit)
517 http cache @aws-sdk/credential-provider-process@https://registry.npmjs.org/@aws-sdk/credential-provider-process/-/credential-provider-process-3.972.69.tgz 0ms (cache hit)
518 http cache @aws-sdk/credential-provider-sso@https://registry.npmjs.org/@aws-sdk/credential-provider-sso/-/credential-provider-sso-3.973.13.tgz 0ms (cache hit)
519 http cache @aws-sdk/credential-provider-http@https://registry.npmjs.org/@aws-sdk/credential-provider-http/-/credential-provider-http-3.972.71.tgz 0ms (cache hit)
520 http cache @aws-sdk/credential-provider-ini@https://registry.npmjs.org/@aws-sdk/credential-provider-ini/-/credential-provider-ini-3.973.14.tgz 0ms (cache hit)
521 http cache @aws-sdk/credential-provider-env@https://registry.npmjs.org/@aws-sdk/credential-provider-env/-/credential-provider-env-3.972.69.tgz 0ms (cache hit)
522 http cache bowser@https://registry.npmjs.org/bowser/-/bowser-2.14.1.tgz 0ms (cache hit)
523 http cache @smithy/signature-v4@https://registry.npmjs.org/@smithy/signature-v4/-/signature-v4-5.7.2.tgz 0ms (cache hit)
524 http cache @aws-sdk/xml-builder@https://registry.npmjs.org/@aws-sdk/xml-builder/-/xml-builder-3.972.39.tgz 0ms (cache hit)
525 http cache @aws/lambda-invoke-store@https://registry.npmjs.org/@aws/lambda-invoke-store/-/lambda-invoke-store-0.3.0.tgz 0ms (cache hit)
526 http cache @smithy/types@https://registry.npmjs.org/@smithy/types/-/types-4.17.2.tgz 0ms (cache hit)
527 http cache @smithy/node-http-handler@https://registry.npmjs.org/@smithy/node-http-handler/-/node-http-handler-4.11.2.tgz 0ms (cache hit)
528 http cache @smithy/fetch-http-handler@https://registry.npmjs.org/@smithy/fetch-http-handler/-/fetch-http-handler-5.7.2.tgz 0ms (cache hit)
529 http cache @aws-sdk/types@https://registry.npmjs.org/@aws-sdk/types/-/types-3.974.4.tgz 0ms (cache hit)
530 http cache @aws-sdk/signature-v4-multi-region@https://registry.npmjs.org/@aws-sdk/signature-v4-multi-region/-/signature-v4-multi-region-3.996.45.tgz 0ms (cache hit)
531 http cache @smithy/core@https://registry.npmjs.org/@smithy/core/-/core-3.33.2.tgz 0ms (cache hit)
532 http cache @aws-sdk/middleware-sdk-s3@https://registry.npmjs.org/@aws-sdk/middleware-sdk-s3/-/middleware-sdk-s3-3.972.74.tgz 0ms (cache hit)
533 http cache @aws-sdk/credential-provider-node@https://registry.npmjs.org/@aws-sdk/credential-provider-node/-/credential-provider-node-3.972.80.tgz 0ms (cache hit)
534 http cache @aws-sdk/lib-storage@https://registry.npmjs.org/@aws-sdk/lib-storage/-/lib-storage-3.1111.0.tgz 0ms (cache hit)
535 http cache @aws-sdk/core@https://registry.npmjs.org/@aws-sdk/core/-/core-3.977.8.tgz 0ms (cache hit)
536 http cache @aws-sdk/checksums@https://registry.npmjs.org/@aws-sdk/checksums/-/checksums-3.1000.28.tgz 0ms (cache hit)
537 http cache @aws-sdk/s3-request-presigner@https://registry.npmjs.org/@aws-sdk/s3-request-presigner/-/s3-request-presigner-3.1111.0.tgz 0ms (cache hit)
538 http cache mongoose-paginate-v2@https://registry.npmjs.org/mongoose-paginate-v2/-/mongoose-paginate-v2-1.9.4.tgz 0ms (cache hit)
539 http cache @aws-sdk/client-s3@https://registry.npmjs.org/@aws-sdk/client-s3/-/client-s3-3.1111.0.tgz 0ms (cache hit)
540 http cache mongoose@https://registry.npmjs.org/mongoose/-/mongoose-8.22.1.tgz 0ms (cache hit)
541 http cache @payloadcms/storage-s3@https://registry.npmjs.org/@payloadcms/storage-s3/-/storage-s3-3.87.0.tgz 0ms (cache hit)
542 http cache @payloadcms/db-mongodb@https://registry.npmjs.org/@payloadcms/db-mongodb/-/db-mongodb-3.87.0.tgz 0ms (cache hit)
543 http cache mpath@https://registry.npmjs.org/mpath/-/mpath-0.8.4.tgz 0ms (cache hit)
544 http cache base64-js@https://registry.npmjs.org/base64-js/-/base64-js-1.5.1.tgz 0ms (cache hit)
545 silly tarball no local data for @aws-sdk/token-providers@https://registry.npmjs.org/@aws-sdk/token-providers/-/token-providers-3.1111.0.tgz. Extracting by manifest.
546 silly tarball no local data for @smithy/credential-provider-imds@https://registry.npmjs.org/@smithy/credential-provider-imds/-/credential-provider-imds-4.5.2.tgz. Extracting by manifest.
547 silly tarball no local data for @aws-sdk/nested-clients@https://registry.npmjs.org/@aws-sdk/nested-clients/-/nested-clients-3.997.43.tgz. Extracting by manifest.
548 silly tarball no local data for @aws-sdk/credential-provider-login@https://registry.npmjs.org/@aws-sdk/credential-provider-login/-/credential-provider-login-3.972.76.tgz. Extracting by manifest.
549 silly tarball no local data for @aws-sdk/credential-provider-web-identity@https://registry.npmjs.org/@aws-sdk/credential-provider-web-identity/-/credential-provider-web-identity-3.972.75.tgz. Extracting by manifest.
550 silly tarball no local data for @aws-sdk/credential-provider-process@https://registry.npmjs.org/@aws-sdk/credential-provider-process/-/credential-provider-process-3.972.69.tgz. Extracting by manifest.
551 silly tarball no local data for @aws-sdk/credential-provider-sso@https://registry.npmjs.org/@aws-sdk/credential-provider-sso/-/credential-provider-sso-3.973.13.tgz. Extracting by manifest.
552 silly tarball no local data for @aws-sdk/credential-provider-http@https://registry.npmjs.org/@aws-sdk/credential-provider-http/-/credential-provider-http-3.972.71.tgz. Extracting by manifest.
553 silly tarball no local data for @aws-sdk/credential-provider-ini@https://registry.npmjs.org/@aws-sdk/credential-provider-ini/-/credential-provider-ini-3.973.14.tgz. Extracting by manifest.
554 silly tarball no local data for @aws-sdk/credential-provider-env@https://registry.npmjs.org/@aws-sdk/credential-provider-env/-/credential-provider-env-3.972.69.tgz. Extracting by manifest.
555 silly tarball no local data for @smithy/signature-v4@https://registry.npmjs.org/@smithy/signature-v4/-/signature-v4-5.7.2.tgz. Extracting by manifest.
556 silly tarball no local data for @aws-sdk/xml-builder@https://registry.npmjs.org/@aws-sdk/xml-builder/-/xml-builder-3.972.39.tgz. Extracting by manifest.
557 silly tarball no local data for @smithy/types@https://registry.npmjs.org/@smithy/types/-/types-4.17.2.tgz. Extracting by manifest.
558 silly tarball no local data for @smithy/node-http-handler@https://registry.npmjs.org/@smithy/node-http-handler/-/node-http-handler-4.11.2.tgz. Extracting by manifest.
559 silly tarball no local data for @smithy/fetch-http-handler@https://registry.npmjs.org/@smithy/fetch-http-handler/-/fetch-http-handler-5.7.2.tgz. Extracting by manifest.
560 silly tarball no local data for @aws-sdk/types@https://registry.npmjs.org/@aws-sdk/types/-/types-3.974.4.tgz. Extracting by manifest.
561 silly tarball no local data for @aws-sdk/signature-v4-multi-region@https://registry.npmjs.org/@aws-sdk/signature-v4-multi-region/-/signature-v4-multi-region-3.996.45.tgz. Extracting by manifest.
562 silly tarball no local data for @smithy/core@https://registry.npmjs.org/@smithy/core/-/core-3.33.2.tgz. Extracting by manifest.
563 silly tarball no local data for @aws-sdk/middleware-sdk-s3@https://registry.npmjs.org/@aws-sdk/middleware-sdk-s3/-/middleware-sdk-s3-3.972.74.tgz. Extracting by manifest.
564 silly tarball no local data for @aws-sdk/credential-provider-node@https://registry.npmjs.org/@aws-sdk/credential-provider-node/-/credential-provider-node-3.972.80.tgz. Extracting by manifest.
565 silly tarball no local data for @aws-sdk/lib-storage@https://registry.npmjs.org/@aws-sdk/lib-storage/-/lib-storage-3.1111.0.tgz. Extracting by manifest.
566 silly tarball no local data for @aws-sdk/core@https://registry.npmjs.org/@aws-sdk/core/-/core-3.977.8.tgz. Extracting by manifest.
567 silly tarball no local data for @aws-sdk/checksums@https://registry.npmjs.org/@aws-sdk/checksums/-/checksums-3.1000.28.tgz. Extracting by manifest.
568 silly tarball no local data for @aws-sdk/s3-request-presigner@https://registry.npmjs.org/@aws-sdk/s3-request-presigner/-/s3-request-presigner-3.1111.0.tgz. Extracting by manifest.
569 silly tarball no local data for @aws-sdk/client-s3@https://registry.npmjs.org/@aws-sdk/client-s3/-/client-s3-3.1111.0.tgz. Extracting by manifest.
570 http fetch GET 200 https://registry.npmjs.org/@aws-sdk/token-providers/-/token-providers-3.1111.0.tgz 438ms (cache miss)
571 http fetch GET 200 https://registry.npmjs.org/@aws-sdk/credential-provider-login/-/credential-provider-login-3.972.76.tgz 436ms (cache miss)
572 http fetch GET 200 https://registry.npmjs.org/@aws-sdk/credential-provider-sso/-/credential-provider-sso-3.973.13.tgz 435ms (cache miss)
573 http fetch GET 200 https://registry.npmjs.org/@aws-sdk/credential-provider-web-identity/-/credential-provider-web-identity-3.972.75.tgz 438ms (cache miss)
574 http fetch GET 200 https://registry.npmjs.org/@aws-sdk/credential-provider-process/-/credential-provider-process-3.972.69.tgz 438ms (cache miss)
575 http fetch GET 200 https://registry.npmjs.org/@aws-sdk/lib-storage/-/lib-storage-3.1111.0.tgz 492ms (cache miss)
576 http fetch GET 200 https://registry.npmjs.org/@aws-sdk/credential-provider-env/-/credential-provider-env-3.972.69.tgz 686ms (cache miss)
577 http fetch GET 200 https://registry.npmjs.org/@aws-sdk/signature-v4-multi-region/-/signature-v4-multi-region-3.996.45.tgz 802ms (cache miss)
578 http fetch GET 200 https://registry.npmjs.org/@aws-sdk/credential-provider-node/-/credential-provider-node-3.972.80.tgz 820ms (cache miss)
579 http fetch GET 200 https://registry.npmjs.org/@aws-sdk/s3-request-presigner/-/s3-request-presigner-3.1111.0.tgz 829ms (cache miss)
580 http fetch GET 200 https://registry.npmjs.org/@smithy/fetch-http-handler/-/fetch-http-handler-5.7.2.tgz 858ms (cache miss)
581 http fetch GET 200 https://registry.npmjs.org/@aws-sdk/xml-builder/-/xml-builder-3.972.39.tgz 1065ms (cache miss)
582 http fetch GET 200 https://registry.npmjs.org/@aws-sdk/credential-provider-http/-/credential-provider-http-3.972.71.tgz 1141ms (cache miss)
583 http fetch GET 200 https://registry.npmjs.org/@aws-sdk/credential-provider-ini/-/credential-provider-ini-3.973.14.tgz 1183ms (cache miss)
584 http fetch GET 200 https://registry.npmjs.org/@smithy/signature-v4/-/signature-v4-5.7.2.tgz 1378ms (cache miss)
585 http fetch GET 200 https://registry.npmjs.org/@smithy/node-http-handler/-/node-http-handler-4.11.2.tgz 1467ms (cache miss)
586 http fetch GET 200 https://registry.npmjs.org/@smithy/credential-provider-imds/-/credential-provider-imds-4.5.2.tgz 1524ms (cache miss)
587 http fetch GET 200 https://registry.npmjs.org/@aws-sdk/types/-/types-3.974.4.tgz 2136ms (cache miss)
588 http fetch GET 200 https://registry.npmjs.org/@aws-sdk/checksums/-/checksums-3.1000.28.tgz 2873ms (cache miss)
589 http fetch GET 200 https://registry.npmjs.org/@aws-sdk/middleware-sdk-s3/-/middleware-sdk-s3-3.972.74.tgz 3585ms (cache miss)
590 http fetch GET 200 https://registry.npmjs.org/@smithy/types/-/types-4.17.2.tgz 3967ms (cache miss)
591 http fetch GET 200 https://registry.npmjs.org/@aws-sdk/nested-clients/-/nested-clients-3.997.43.tgz 7649ms (cache miss)
592 http fetch GET 200 https://registry.npmjs.org/@aws-sdk/client-s3/-/client-s3-3.1111.0.tgz 7668ms (cache miss)
593 http fetch GET 200 https://registry.npmjs.org/@aws-sdk/core/-/core-3.977.8.tgz 7866ms (cache miss)
594 http fetch GET 200 https://registry.npmjs.org/@smithy/core/-/core-3.33.2.tgz 13422ms (cache miss)
595 silly ADD node_modules/webidl-conversions
596 silly ADD node_modules/tr46
597 silly ADD node_modules/safe-buffer
598 silly ADD node_modules/util-deprecate
599 silly ADD node_modules/string_decoder
600 silly ADD node_modules/readable-stream
601 silly ADD node_modules/inherits
602 silly ADD node_modules/memory-pager
603 silly ADD node_modules/mongoose-lean-virtuals
604 silly ADD node_modules/mongoose-lean-virtuals/node_modules/mpath
605 silly ADD node_modules/@types/webidl-conversions
606 silly ADD node_modules/whatwg-url
607 silly ADD node_modules/@types/whatwg-url
608 silly ADD node_modules/sparse-bitfield
609 silly ADD node_modules/mongodb-connection-string-url
610 silly ADD node_modules/@mongodb-js/saslprep
611 silly ADD node_modules/sift
612 silly ADD node_modules/mquery
613 silly ADD node_modules/mpath
614 silly ADD node_modules/mongodb
615 silly ADD node_modules/kareem
616 silly ADD node_modules/bson
617 silly ADD node_modules/stream-browserify
618 silly ADD node_modules/buffer
619 silly ADD node_modules/buffer/node_modules/base64-js
620 silly ADD node_modules/@aws-sdk/token-providers
621 silly ADD node_modules/@aws-sdk/nested-clients
622 silly ADD node_modules/@aws-sdk/credential-provider-login
623 silly ADD node_modules/@smithy/credential-provider-imds
624 silly ADD node_modules/@aws-sdk/credential-provider-web-identity
625 silly ADD node_modules/@aws-sdk/credential-provider-sso
626 silly ADD node_modules/@aws-sdk/credential-provider-process
627 silly ADD node_modules/@aws-sdk/credential-provider-ini
628 silly ADD node_modules/@aws-sdk/credential-provider-http
629 silly ADD node_modules/@aws-sdk/credential-provider-env
630 silly ADD node_modules/bowser
631 silly ADD node_modules/@smithy/signature-v4
632 silly ADD node_modules/@aws/lambda-invoke-store
633 silly ADD node_modules/@aws-sdk/xml-builder
634 silly ADD node_modules/@smithy/types
635 silly ADD node_modules/@smithy/node-http-handler
636 silly ADD node_modules/@smithy/fetch-http-handler
637 silly ADD node_modules/@smithy/core
638 silly ADD node_modules/@aws-sdk/types
639 silly ADD node_modules/@aws-sdk/signature-v4-multi-region
640 silly ADD node_modules/@aws-sdk/middleware-sdk-s3
641 silly ADD node_modules/@aws-sdk/credential-provider-node
642 silly ADD node_modules/@aws-sdk/core
643 silly ADD node_modules/@aws-sdk/checksums
644 silly ADD node_modules/@aws-sdk/s3-request-presigner
645 silly ADD node_modules/@aws-sdk/lib-storage
646 silly ADD node_modules/@aws-sdk/client-s3
647 silly ADD node_modules/mongoose-paginate-v2
648 silly ADD node_modules/mongoose
649 silly ADD node_modules/@payloadcms/storage-s3
650 silly ADD node_modules/@payloadcms/db-mongodb
651 silly REMOVE node_modules/youch-core
652 silly REMOVE node_modules/youch
653 silly REMOVE node_modules/yoga-layout
654 silly REMOVE node_modules/wrangler
655 silly REMOVE node_modules/wrangler/node_modules/esbuild
656 silly REMOVE node_modules/wrangler/node_modules/@esbuild/win32-x64
657 silly REMOVE node_modules/workerd
658 silly REMOVE node_modules/webpack-sources
659 silly REMOVE node_modules/webpack
660 silly REMOVE node_modules/webpack/node_modules/estraverse
661 silly REMOVE node_modules/webpack/node_modules/eslint-scope
662 silly REMOVE node_modules/web-vitals
663 silly REMOVE node_modules/watchpack
664 silly REMOVE node_modules/vitefu
665 silly REMOVE node_modules/vite-tsconfig-paths
666 silly REMOVE node_modules/vite-plugin-dynamic-import
667 silly REMOVE node_modules/vite-plugin-dynamic-import/node_modules/glob-parent
668 silly REMOVE node_modules/vite-plugin-dynamic-import/node_modules/fast-glob
669 silly REMOVE node_modules/vite-plugin-dynamic-import/node_modules/es-module-lexer
670 silly REMOVE node_modules/vite-plugin-commonjs
671 silly REMOVE node_modules/vite
672 silly REMOVE node_modules/vite/node_modules/picomatch
673 silly REMOVE node_modules/vite/node_modules/lightningcss-win32-x64-msvc
674 silly REMOVE node_modules/vite/node_modules/lightningcss
675 silly REMOVE node_modules/vinext
676 silly REMOVE node_modules/unpic
677 silly REMOVE node_modules/unicode-trie
678 silly REMOVE node_modules/unenv
679 silly REMOVE node_modules/undici
680 silly REMOVE node_modules/turbo-stream
681 silly REMOVE node_modules/tsconfck
682 silly REMOVE node_modules/to-space-case
683 silly REMOVE node_modules/to-snake-case
684 silly REMOVE node_modules/to-no-case
685 silly REMOVE node_modules/tiny-inflate
686 silly REMOVE node_modules/terser-webpack-plugin
687 silly REMOVE node_modules/terser
688 silly REMOVE node_modules/strip-literal
689 silly REMOVE node_modules/strip-literal/node_modules/js-tokens
690 silly REMOVE node_modules/string.prototype.codepointat
691 silly REMOVE node_modules/srvx
692 silly REMOVE node_modules/source-map-support
693 silly REMOVE node_modules/source-map
694 silly REMOVE node_modules/schema-utils
695 silly REMOVE node_modules/schema-utils/node_modules/json-schema-traverse
696 silly REMOVE node_modules/schema-utils/node_modules/ajv-keywords
697 silly REMOVE node_modules/schema-utils/node_modules/ajv
698 silly REMOVE node_modules/satori
699 silly REMOVE node_modules/rolldown
700 silly REMOVE node_modules/react-server-dom-webpack
701 silly REMOVE node_modules/postcss-value-parser
702 silly REMOVE node_modules/pathe
703 silly REMOVE node_modules/parse-css-color
704 silly REMOVE node_modules/pako
705 silly REMOVE node_modules/neo-async
706 silly REMOVE node_modules/miniflare
707 silly REMOVE node_modules/mime-db
708 silly REMOVE node_modules/merge-stream
709 silly REMOVE node_modules/loader-runner
710 silly REMOVE node_modules/linebreak
711 silly REMOVE node_modules/kleur
712 silly REMOVE node_modules/jest-worker
713 silly REMOVE node_modules/jest-worker/node_modules/supports-color
714 silly REMOVE node_modules/ipaddr.js
715 silly REMOVE node_modules/image-size
716 silly REMOVE node_modules/hex-rgb
717 silly REMOVE node_modules/globrex
718 silly REMOVE node_modules/glob-to-regexp
719 silly REMOVE node_modules/fflate
720 silly REMOVE node_modules/estree-walker
721 silly REMOVE node_modules/esbuild-register
722 silly REMOVE node_modules/es-module-lexer
723 silly REMOVE node_modules/error-stack-parser-es
724 silly REMOVE node_modules/emoji-regex-xs
725 silly REMOVE node_modules/drizzle-orm
726 silly REMOVE node_modules/drizzle-kit
727 silly REMOVE node_modules/drizzle-kit/node_modules/esbuild
728 silly REMOVE node_modules/drizzle-kit/node_modules/@esbuild/win32-x64
729 silly REMOVE node_modules/css-to-react-native
730 silly REMOVE node_modules/css-gradient-parser
731 silly REMOVE node_modules/css-color-keywords
732 silly REMOVE node_modules/css-box-shadow
733 silly REMOVE node_modules/css-background-parser
734 silly REMOVE node_modules/cookie
735 silly REMOVE node_modules/chrome-trace-event
736 silly REMOVE node_modules/camelize
737 silly REMOVE node_modules/buffer-from
738 silly REMOVE node_modules/blake3-wasm
739 silly REMOVE node_modules/base64-js
740 silly REMOVE node_modules/ajv-formats
741 silly REMOVE node_modules/ajv-formats/node_modules/json-schema-traverse
742 silly REMOVE node_modules/ajv-formats/node_modules/ajv
743 silly REMOVE node_modules/acorn-loose
744 silly REMOVE node_modules/acorn-import-phases
745 silly REMOVE node_modules/@xtuc/long
746 silly REMOVE node_modules/@xtuc/ieee754
747 silly REMOVE node_modules/@webassemblyjs/wast-printer
748 silly REMOVE node_modules/@webassemblyjs/wasm-parser
749 silly REMOVE node_modules/@webassemblyjs/wasm-opt
750 silly REMOVE node_modules/@webassemblyjs/wasm-gen
751 silly REMOVE node_modules/@webassemblyjs/wasm-edit
752 silly REMOVE node_modules/@webassemblyjs/utf8
753 silly REMOVE node_modules/@webassemblyjs/leb128
754 silly REMOVE node_modules/@webassemblyjs/ieee754
755 silly REMOVE node_modules/@webassemblyjs/helper-wasm-section
756 silly REMOVE node_modules/@webassemblyjs/helper-wasm-bytecode
757 silly REMOVE node_modules/@webassemblyjs/helper-numbers
758 silly REMOVE node_modules/@webassemblyjs/helper-buffer
759 silly REMOVE node_modules/@webassemblyjs/helper-api-error
760 silly REMOVE node_modules/@webassemblyjs/floating-point-hex-parser
761 silly REMOVE node_modules/@webassemblyjs/ast
762 silly REMOVE node_modules/@vitejs/plugin-rsc
763 silly REMOVE node_modules/@vitejs/plugin-rsc/node_modules/@rolldown/pluginutils
764 silly REMOVE node_modules/@vitejs/plugin-react
765 silly REMOVE node_modules/@vercel/og
766 silly REMOVE node_modules/@unpic/react
767 silly REMOVE node_modules/@unpic/core
768 silly REMOVE node_modules/@types/eslint-scope
769 silly REMOVE node_modules/@types/eslint
770 silly REMOVE node_modules/@tybys/wasm-util
771 silly REMOVE node_modules/@speed-highlight/core
772 silly REMOVE node_modules/@sindresorhus/is
773 silly REMOVE node_modules/@shuding/opentype.js
774 silly REMOVE node_modules/@rolldown/pluginutils
775 silly REMOVE node_modules/@rolldown/binding-win32-x64-msvc
776 silly REMOVE node_modules/@resvg/resvg-wasm
777 silly REMOVE node_modules/@poppinss/exception
778 silly REMOVE node_modules/@poppinss/dumper
779 silly REMOVE node_modules/@poppinss/dumper/node_modules/supports-color
780 silly REMOVE node_modules/@poppinss/colors
781 silly REMOVE node_modules/@payloadcms/storage-r2
782 silly REMOVE node_modules/@payloadcms/drizzle
783 silly REMOVE node_modules/@payloadcms/db-d1-sqlite
784 silly REMOVE node_modules/@payloadcms/db-d1-sqlite/node_modules/esbuild
785 silly REMOVE node_modules/@payloadcms/db-d1-sqlite/node_modules/drizzle-kit
786 silly REMOVE node_modules/@payloadcms/db-d1-sqlite/node_modules/@esbuild/win32-x64
787 silly REMOVE node_modules/@oxc-project/types
788 silly REMOVE node_modules/@jridgewell/source-map
789 silly REMOVE node_modules/@esbuild-kit/esm-loader
790 silly REMOVE node_modules/@esbuild-kit/core-utils
791 silly REMOVE node_modules/@esbuild-kit/core-utils/node_modules/esbuild
792 silly REMOVE node_modules/@esbuild-kit/core-utils/node_modules/@esbuild/win32-x64
793 silly REMOVE node_modules/@emnapi/wasi-threads
794 silly REMOVE node_modules/@emnapi/core
795 silly REMOVE node_modules/@drizzle-team/brocli
796 silly REMOVE node_modules/@cspotcode/source-map-support
797 silly REMOVE node_modules/@cspotcode/source-map-support/node_modules/@jridgewell/trace-mapping
798 silly REMOVE node_modules/@cloudflare/workers-types
799 silly REMOVE node_modules/@cloudflare/workerd-windows-64
800 silly REMOVE node_modules/@cloudflare/vite-plugin
801 silly REMOVE node_modules/@cloudflare/unenv-preset
802 silly REMOVE node_modules/@cloudflare/kv-asset-handler
803 verbose cwd C:\Users\Devin Keehner\Projects\YPAA Website\NECYPAA XXXVI
804 verbose os Windows_NT 10.0.26200
805 verbose node v22.14.0
806 verbose npm  v11.9.0
807 verbose exit 0
808 info ok
